METRIC	SID	SCORE	RANK	HUMAN
DFKI-svr	1	0.0821684411	0	0.0476190476
DFKI-svr	2	0.3597000739	0	0.0555555556
DFKI-svr	3	0.3467073803	0	0.5
DFKI-svr	4	0.5611395859	0	0.2
DFKI-svr	5	0.3715777302	0	0.2666666667
DFKI-svr	6	0.332528134	0	0.125
DFKI-svr	7	0.3577217431	0	0.2765957447
DFKI-svr	8	0.497395139	0	0.40625
DFKI-svr	9	0.3318566096	0	0.5
DFKI-svr	10	0.2186310485	0	0.1612903226
DFKI-svr	11	0.3495726825	0	0.1666666667
DFKI-svr	12	0.2427667543	0	0.1379310345
DFKI-svr	13	0.3928461945	0	0.375
DFKI-svr	14	0.4247652455	0	0.4285714286
DFKI-svr	15	0.182010159	0	0.1851851852
DFKI-svr	16	0.4203433044	0	0.3846153846
DFKI-svr	17	0.2668044875	0	0.5882352941
DFKI-svr	18	0.2933842058	0	0.0555555556
DFKI-svr	19	0.1791304079	0	0
DFKI-svr	20	0.1672253354	0	0.1891891892
DFKI-svr	21	0.3508498813	0	0.2413793103
DFKI-svr	22	0.3792113816	0	0.1666666667
DFKI-svr	23	0.3098384003	0	0.2222222222
DFKI-svr	24	0.2681546779	0	0.0625
DFKI-svr	25	0.6672790988	0	0.6315789474
DFKI-svr	26	0.1939886393	0	0.2
DFKI-svr	27	0.4239181945	0	0.4848484848
DFKI-svr	28	0.2741290678	0	0.1428571429
DFKI-svr	29	0.3042072219	0	0.2857142857
DFKI-svr	30	0.4552205998	0	0.3103448276
DFKI-svr	31	0.3393225186	0	0.3333333333
DFKI-svr	32	0.3508317724	0	0.3333333333
DFKI-svr	33	0.3475776599	0	0.2857142857
DFKI-svr	34	0.4167494274	0	0.1363636364
DFKI-svr	35	0.3994005506	0	0.1363636364
DFKI-svr	36	0.231841842	0	0.0322580645
DFKI-svr	37	0.2931422641	0	0.2727272727
DFKI-svr	38	0.2023234088	0	0.1052631579
DFKI-svr	39	0.3465798708	0	0.2142857143
DFKI-svr	40	0.3581836948	0	0.4
DFKI-svr	41	0.3037441408	0	0.2
DFKI-svr	42	0.1445128688	0	0
DFKI-svr	43	0.4370959061	0	0.4545454545
DFKI-svr	44	0.3313488806	0	0
DFKI-svr	45	0.345330574	0	0.4545454545
DFKI-svr	46	0.2291668651	0	0.16
DFKI-svr	47	0.5443632806	0	0.6666666667
DFKI-svr	48	0.1604248676	0	0.04
DFKI-svr	49	0.4517728109	0	0.72
DFKI-svr	50	0.2728472892	0	0.2222222222
DFKI-svr	51	0.4483023059	0	0.0769230769
DFKI-svr	52	0.4228621562	0	0.2
DFKI-svr	53	0.312618621	0	0.2
DFKI-svr	54	0.5017788903	0	0.7777777778
DFKI-svr	55	0.3009912978	0	0
DFKI-svr	56	0.2300932532	0	0.2
DFKI-svr	57	0.2383486599	0	0.0714285714
DFKI-svr	58	0.3044083857	0	0.2
DFKI-svr	59	0.3637776551	0	0.4516129032
DFKI-svr	60	0.3355440007	0	0.2592592593
DFKI-svr	61	0.3035176419	0	0.5454545455
DFKI-svr	62	0.4835527414	0	0.2894736842
DFKI-svr	63	0.3019244091	0	0.3571428571
DFKI-svr	64	0.3042701992	0	0.2173913043
DFKI-svr	65	0.3995898061	0	0.1578947368
DFKI-svr	66	0.2885633479	0	0.2105263158
DFKI-svr	67	0.3656334622	0	0.5357142857
DFKI-svr	68	0.6371908145	0	0.8181818182
DFKI-svr	69	0.2363516973	0	0.3333333333
DFKI-svr	70	0.3776919906	0	0.2916666667
DFKI-svr	71	0.2269286963	0	0.0740740741
DFKI-svr	72	0.2407796112	0	0.3137254902
DFKI-svr	73	0.2839581794	0	0.2727272727
DFKI-svr	74	0.3514612753	0	0.3703703704
DFKI-svr	75	0.1976565541	0	0.2
DFKI-svr	76	0.3418764799	0	0.625
DFKI-svr	77	0.3537822324	0	0.2
DFKI-svr	78	0.3825495878	0	0.5555555556
DFKI-svr	79	0.2847023073	0	0.2564102564
DFKI-svr	80	0.2485189336	0	0.2
DFKI-svr	81	0.3159228564	0	0.1071428571
DFKI-svr	82	0.2379596493	0	0.0952380952
DFKI-svr	83	0.2310736439	0	0.6428571429
DFKI-svr	84	0.3172046442	0	0.1515151515
DFKI-svr	85	0.2670231559	0	0.1764705882
DFKI-svr	86	0.3749753338	0	0.25
DFKI-svr	87	0.3800553086	0	0.4444444444
DFKI-svr	88	0.39205726	0	0.1428571429
DFKI-svr	89	0.2982206684	0	0.1162790698
DFKI-svr	90	0.2320816908	0	0.0555555556
DFKI-svr	91	0.4056451394	0	0.7435897436
DFKI-svr	92	0.3141715331	0	0.1428571429
DFKI-svr	93	0.1848505032	0	0.1428571429
DFKI-svr	94	0.3186278099	0	0.3333333333
DFKI-svr	95	0.3173879396	0	0.0408163265
DFKI-svr	96	0.4056952612	0	0.1071428571
DFKI-svr	97	0.5560804976	0	0.4
DFKI-svr	98	0.2943164605	0	0.0769230769
DFKI-svr	99	0.1157899073	0	0.0615384615
DFKI-svr	100	0.2154220146	0	0.1627906977
DFKI-svr	101	0.2812391646	0	0.3529411765
DFKI-svr	102	0.2433704166	0	0.2941176471
DFKI-svr	103	0.3138035387	0	0.2
DFKI-svr	104	0.2805321148	0	0.2
DFKI-svr	105	0.3157430306	0	0.1785714286
DFKI-svr	106	0.2303965691	0	0.3703703704
DFKI-svr	107	0.2610265389	0	0.303030303
DFKI-svr	108	0.4992763772	0	0.75
DFKI-svr	109	0.2553504535	0	0.1071428571
DFKI-svr	110	0.3108846841	0	0.3
DFKI-svr	111	0.294051171	0	0.25
DFKI-svr	112	0.3287190776	0	0.375
DFKI-svr	113	0.2613041576	0	0.1923076923
DFKI-svr	114	0.3013905092	0	0.3333333333
DFKI-svr	115	0.3842901061	0	0.1538461538
DFKI-svr	116	0.6332539738	0	0.4
DFKI-svr	117	0.5385226078	0	0.5
DFKI-svr	118	0.2475565624	0	0
DFKI-svr	119	0.3486656751	0	1
DFKI-svr	120	0.2341634298	0	0.1111111111
DFKI-svr	121	0.3675630915	0	0.2272727273
DFKI-svr	122	0.2917570348	0	0.1428571429
DFKI-svr	123	0.3679928396	0	0.5714285714
DFKI-svr	124	0.325416343	0	0.1612903226
DFKI-svr	125	0.4311674832	0	0
DFKI-svr	126	0.2782568082	0	0.0975609756
DFKI-svr	127	0.3102977051	0	0.4444444444
DFKI-svr	128	0.3496881213	0	0.1875
DFKI-svr	129	0.2013055183	0	0.0769230769
DFKI-svr	130	0.3092381842	0	0.4166666667
DFKI-svr	131	0.2293079003	0	0
DFKI-svr	132	0.411948617	0	0.1578947368
DFKI-svr	133	0.2601292689	0	0.25
DFKI-svr	134	0.4726357847	0	0.5714285714
DFKI-svr	135	0.2490892004	0	0.1875
DFKI-svr	136	0.4679903311	0	0.1578947368
DFKI-svr	137	0.2967126335	0	0.0888888889
DFKI-svr	138	0.2367284141	0	0.2
DFKI-svr	139	0.4309471903	0	0.4285714286
DFKI-svr	140	0.3155264399	0	0.0434782609
DFKI-svr	141	0.2676841864	0	0.431372549
DFKI-svr	142	0.3643378006	0	0.4615384615
DFKI-svr	143	0.2534074254	0	0.1351351351
DFKI-svr	144	0.3852051325	0	0.5079365079
DFKI-svr	145	0.3605199899	0	0.1538461538
DFKI-svr	146	0.2944354658	0	0.2
DFKI-svr	147	0.2909094276	0	0.2777777778
DFKI-svr	148	0.2212311817	0	0.1333333333
DFKI-svr	149	0.2553045606	0	0.1764705882
DFKI-svr	150	0.3814600019	0	0.3272727273
DFKI-svr	151	0.2294632088	0	0.0476190476
DFKI-svr	152	0.3357793417	0	0.6111111111
DFKI-svr	153	0.2730613934	0	0.4285714286
DFKI-svr	154	0.1974902098	0	0.1076923077
DFKI-svr	155	0.2373050395	0	0.3571428571
DFKI-svr	156	0.2040534749	0	0
DFKI-svr	157	0.3543115383	0	0.1290322581
DFKI-svr	158	0.23141218	0	0.3
DFKI-svr	159	0.291125579	0	0.3103448276
DFKI-svr	160	0.1471322498	0	0.1914893617
DFKI-svr	161	0.2900619764	0	0.65625
DFKI-svr	162	0.1957059556	0	0.1627906977
DFKI-svr	163	0.2689272858	0	0.4736842105
DFKI-svr	164	0.3049652805	0	0.5
DFKI-svr	165	0.3580646234	0	0.3125
DFKI-svr	166	0.354478908	0	0.8
DFKI-svr	167	0.3215788666	0	0.3913043478
DFKI-svr	168	0.4061373736	0	0.2941176471
DFKI-svr	169	0.3176471714	0	0.1351351351
DFKI-svr	170	0.311715111	0	0
DFKI-svr	171	0.2770651948	0	0.05
DFKI-svr	172	0.3473895447	0	0.0714285714
DFKI-svr	173	0.3355952362	0	0.3529411765
DFKI-svr	174	0.3572707859	0	0.8
DFKI-svr	175	0.2690529566	0	0.0857142857
DFKI-svr	176	0.3859655429	0	0.1176470588
DFKI-svr	177	0.3501410648	0	0.1111111111
DFKI-svr	178	0.1848285972	0	0.04
DFKI-svr	179	0.3505364654	0	0.2413793103
DFKI-svr	180	0.2018740051	0	0.1463414634
DFKI-svr	181	0.2947741153	0	0.44
DFKI-svr	182	0.0823693582	0	0.125
DFKI-svr	183	0.4662725975	0	0.5625
DFKI-svr	184	0.0835013311	0	0.09375
DFKI-svr	185	0.304249918	0	0.1612903226
DFKI-svr	186	0.2315410772	0	0.1666666667
DFKI-svr	187	0.2329625013	0	0.3846153846
DFKI-svr	188	0.4010957357	0	0.2307692308
DFKI-svr	189	0.2613782533	0	0.1111111111
DFKI-svr	190	0.2526170297	0	0.35
DFKI-svr	191	0.1672242242	0	0.1041666667
DFKI-svr	192	0.1418391623	0	0.1666666667
DFKI-svr	193	0.2819852713	0	0.1176470588
DFKI-svr	194	0.3044576319	0	0.1818181818
DFKI-svr	195	0.2641557345	0	0.1111111111
DFKI-svr	196	0.3496492274	0	0.0833333333
DFKI-svr	197	0.2927853328	0	0.6
DFKI-svr	198	0.2959810922	0	0.1176470588
DFKI-svr	199	0.1785098788	0	0.0714285714
DFKI-svr	200	0.5096470384	0	0.5333333333
DFKI-svr	201	0.2515617018	0	0.25
DFKI-svr	202	0.543130171	0	0.8
DFKI-svr	203	0.3243080068	0	0.0930232558
DFKI-svr	204	0.1508714381	0	0.1379310345
DFKI-svr	205	0.2825582879	0	0.2068965517
DFKI-svr	206	0.4668358849	0	0.2307692308
DFKI-svr	207	0.394317347	0	0.68
DFKI-svr	208	0.2296440376	0	0.1276595745
FBK-UPV-UEDIN-nowp	1	0.1978317396	0	0.0476190476
FBK-UPV-UEDIN-nowp	2	0.224118536	0	0.0555555556
FBK-UPV-UEDIN-nowp	3	0.2849251793	0	0.5
FBK-UPV-UEDIN-nowp	4	0.5842371396	0	0.2
FBK-UPV-UEDIN-nowp	5	0.2516758812	0	0.2666666667
FBK-UPV-UEDIN-nowp	6	0.3775149392	0	0.125
FBK-UPV-UEDIN-nowp	7	0.3754298612	0	0.2765957447
FBK-UPV-UEDIN-nowp	8	0.3648664346	0	0.40625
FBK-UPV-UEDIN-nowp	9	0.3595494673	0	0.5
FBK-UPV-UEDIN-nowp	10	0.2639301142	0	0.1612903226
FBK-UPV-UEDIN-nowp	11	0.3200889001	0	0.1666666667
FBK-UPV-UEDIN-nowp	12	0.1898211949	0	0.1379310345
FBK-UPV-UEDIN-nowp	13	0.4016825515	0	0.375
FBK-UPV-UEDIN-nowp	14	0.3302076553	0	0.4285714286
FBK-UPV-UEDIN-nowp	15	0.222837602	0	0.1851851852
FBK-UPV-UEDIN-nowp	16	0.324788146	0	0.3846153846
FBK-UPV-UEDIN-nowp	17	0.291678161	0	0.5882352941
FBK-UPV-UEDIN-nowp	18	0.2210614527	0	0.0555555556
FBK-UPV-UEDIN-nowp	19	0.1660746122	0	0
FBK-UPV-UEDIN-nowp	20	0.2458753032	0	0.1891891892
FBK-UPV-UEDIN-nowp	21	0.3406653716	0	0.2413793103
FBK-UPV-UEDIN-nowp	22	0.3664420355	0	0.1666666667
FBK-UPV-UEDIN-nowp	23	0.1550086424	0	0.2222222222
FBK-UPV-UEDIN-nowp	24	0.2424096354	0	0.0625
FBK-UPV-UEDIN-nowp	25	0.4463231861	0	0.6315789474
FBK-UPV-UEDIN-nowp	26	0.1972593586	0	0.2
FBK-UPV-UEDIN-nowp	27	0.3216642252	0	0.4848484848
FBK-UPV-UEDIN-nowp	28	0.2271559219	0	0.1428571429
FBK-UPV-UEDIN-nowp	29	0.2484666531	0	0.2857142857
FBK-UPV-UEDIN-nowp	30	0.3009034703	0	0.3103448276
FBK-UPV-UEDIN-nowp	31	0.3220882003	0	0.3333333333
FBK-UPV-UEDIN-nowp	32	0.28330307	0	0.3333333333
FBK-UPV-UEDIN-nowp	33	0.3354618106	0	0.2857142857
FBK-UPV-UEDIN-nowp	34	0.2440290648	0	0.1363636364
FBK-UPV-UEDIN-nowp	35	0.2173083929	0	0.1363636364
FBK-UPV-UEDIN-nowp	36	0.2030482443	0	0.0322580645
FBK-UPV-UEDIN-nowp	37	0.4100189803	0	0.2727272727
FBK-UPV-UEDIN-nowp	38	0.1787118917	0	0.1052631579
FBK-UPV-UEDIN-nowp	39	0.4722562185	0	0.2142857143
FBK-UPV-UEDIN-nowp	40	0.3596531205	0	0.4
FBK-UPV-UEDIN-nowp	41	0.3028236651	0	0.2
FBK-UPV-UEDIN-nowp	42	0.2509699601	0	0
FBK-UPV-UEDIN-nowp	43	0.4322329303	0	0.4545454545
FBK-UPV-UEDIN-nowp	44	0.5718867614	0	0
FBK-UPV-UEDIN-nowp	45	0.3608372419	0	0.4545454545
FBK-UPV-UEDIN-nowp	46	0.2197000504	0	0.16
FBK-UPV-UEDIN-nowp	47	0.5581589519	0	0.6666666667
FBK-UPV-UEDIN-nowp	48	0.1297381601	0	0.04
FBK-UPV-UEDIN-nowp	49	0.4369857237	0	0.72
FBK-UPV-UEDIN-nowp	50	0.3414480075	0	0.2222222222
FBK-UPV-UEDIN-nowp	51	0.2711207071	0	0.0769230769
FBK-UPV-UEDIN-nowp	52	0.2653046599	0	0.2
FBK-UPV-UEDIN-nowp	53	0.2805240997	0	0.2
FBK-UPV-UEDIN-nowp	54	0.2832053246	0	0.7777777778
FBK-UPV-UEDIN-nowp	55	0.1979091384	0	0
FBK-UPV-UEDIN-nowp	56	0.1820742449	0	0.2
FBK-UPV-UEDIN-nowp	57	0.2168864595	0	0.0714285714
FBK-UPV-UEDIN-nowp	58	0.2916701131	0	0.2
FBK-UPV-UEDIN-nowp	59	0.3290729377	0	0.4516129032
FBK-UPV-UEDIN-nowp	60	0.2499591724	0	0.2592592593
FBK-UPV-UEDIN-nowp	61	0.3225092581	0	0.5454545455
FBK-UPV-UEDIN-nowp	62	0.3528938268	0	0.2894736842
FBK-UPV-UEDIN-nowp	63	0.2599670568	0	0.3571428571
FBK-UPV-UEDIN-nowp	64	0.2839594297	0	0.2173913043
FBK-UPV-UEDIN-nowp	65	0.3016190941	0	0.1578947368
FBK-UPV-UEDIN-nowp	66	0.2496054719	0	0.2105263158
FBK-UPV-UEDIN-nowp	67	0.2471675646	0	0.5357142857
FBK-UPV-UEDIN-nowp	68	0.4562227183	0	0.8181818182
FBK-UPV-UEDIN-nowp	69	0.2914961794	0	0.3333333333
FBK-UPV-UEDIN-nowp	70	0.3275108209	0	0.2916666667
FBK-UPV-UEDIN-nowp	71	0.277601154	0	0.0740740741
FBK-UPV-UEDIN-nowp	72	0.2021359539	0	0.3137254902
FBK-UPV-UEDIN-nowp	73	0.2235043124	0	0.2727272727
FBK-UPV-UEDIN-nowp	74	0.2453057262	0	0.3703703704
FBK-UPV-UEDIN-nowp	75	0.2234360264	0	0.2
FBK-UPV-UEDIN-nowp	76	0.3209012503	0	0.625
FBK-UPV-UEDIN-nowp	77	0.2967255799	0	0.2
FBK-UPV-UEDIN-nowp	78	0.2498877234	0	0.5555555556
FBK-UPV-UEDIN-nowp	79	0.2618636968	0	0.2564102564
FBK-UPV-UEDIN-nowp	80	0.2864776391	0	0.2
FBK-UPV-UEDIN-nowp	81	0.2471565681	0	0.1071428571
FBK-UPV-UEDIN-nowp	82	0.2053922488	0	0.0952380952
FBK-UPV-UEDIN-nowp	83	0.2559390757	0	0.6428571429
FBK-UPV-UEDIN-nowp	84	0.2067928477	0	0.1515151515
FBK-UPV-UEDIN-nowp	85	0.2922132314	0	0.1764705882
FBK-UPV-UEDIN-nowp	86	0.4282777299	0	0.25
FBK-UPV-UEDIN-nowp	87	0.4494504132	0	0.4444444444
FBK-UPV-UEDIN-nowp	88	0.3023745439	0	0.1428571429
FBK-UPV-UEDIN-nowp	89	0.2835317251	0	0.1162790698
FBK-UPV-UEDIN-nowp	90	0.3089346423	0	0.0555555556
FBK-UPV-UEDIN-nowp	91	0.349327764	0	0.7435897436
FBK-UPV-UEDIN-nowp	92	0.2634648539	0	0.1428571429
FBK-UPV-UEDIN-nowp	93	0.2108588127	0	0.1428571429
FBK-UPV-UEDIN-nowp	94	0.287251667	0	0.3333333333
FBK-UPV-UEDIN-nowp	95	0.1737661556	0	0.0408163265
FBK-UPV-UEDIN-nowp	96	0.3519743284	0	0.1071428571
FBK-UPV-UEDIN-nowp	97	0.5364274315	0	0.4
FBK-UPV-UEDIN-nowp	98	0.2998281322	0	0.0769230769
FBK-UPV-UEDIN-nowp	99	0.1992714061	0	0.0615384615
FBK-UPV-UEDIN-nowp	100	0.1567312329	0	0.1627906977
FBK-UPV-UEDIN-nowp	101	0.2317214605	0	0.3529411765
FBK-UPV-UEDIN-nowp	102	0.2815196718	0	0.2941176471
FBK-UPV-UEDIN-nowp	103	0.2763845687	0	0.2
FBK-UPV-UEDIN-nowp	104	0.2494981188	0	0.2
FBK-UPV-UEDIN-nowp	105	0.2545235022	0	0.1785714286
FBK-UPV-UEDIN-nowp	106	0.263113568	0	0.3703703704
FBK-UPV-UEDIN-nowp	107	0.3112566357	0	0.303030303
FBK-UPV-UEDIN-nowp	108	0.3608881715	0	0.75
FBK-UPV-UEDIN-nowp	109	0.2534929798	0	0.1071428571
FBK-UPV-UEDIN-nowp	110	0.2427346013	0	0.3
FBK-UPV-UEDIN-nowp	111	0.2811029057	0	0.25
FBK-UPV-UEDIN-nowp	112	0.2756748	0	0.375
FBK-UPV-UEDIN-nowp	113	0.2112805982	0	0.1923076923
FBK-UPV-UEDIN-nowp	114	0.2613347508	0	0.3333333333
FBK-UPV-UEDIN-nowp	115	0.2595435111	0	0.1538461538
FBK-UPV-UEDIN-nowp	116	0.3097021441	0	0.4
FBK-UPV-UEDIN-nowp	117	0.5154245799	0	0.5
FBK-UPV-UEDIN-nowp	118	0.2796158481	0	0
FBK-UPV-UEDIN-nowp	119	0.3726975956	0	1
FBK-UPV-UEDIN-nowp	120	0.2172898018	0	0.1111111111
FBK-UPV-UEDIN-nowp	121	0.2738797156	0	0.2272727273
FBK-UPV-UEDIN-nowp	122	0.3164627734	0	0.1428571429
FBK-UPV-UEDIN-nowp	123	0.3726342623	0	0.5714285714
FBK-UPV-UEDIN-nowp	124	0.2410856596	0	0.1612903226
FBK-UPV-UEDIN-nowp	125	0.2536545713	0	0
FBK-UPV-UEDIN-nowp	126	0.1758764795	0	0.0975609756
FBK-UPV-UEDIN-nowp	127	0.2033906192	0	0.4444444444
FBK-UPV-UEDIN-nowp	128	0.3428033804	0	0.1875
FBK-UPV-UEDIN-nowp	129	0.2134965565	0	0.0769230769
FBK-UPV-UEDIN-nowp	130	0.3081323969	0	0.4166666667
FBK-UPV-UEDIN-nowp	131	0.2386116165	0	0
FBK-UPV-UEDIN-nowp	132	0.3681404443	0	0.1578947368
FBK-UPV-UEDIN-nowp	133	0.3380894821	0	0.25
FBK-UPV-UEDIN-nowp	134	0.3608126477	0	0.5714285714
FBK-UPV-UEDIN-nowp	135	0.2687673713	0	0.1875
FBK-UPV-UEDIN-nowp	136	0.4064793076	0	0.1578947368
FBK-UPV-UEDIN-nowp	137	0.2686838229	0	0.0888888889
FBK-UPV-UEDIN-nowp	138	0.2495063456	0	0.2
FBK-UPV-UEDIN-nowp	139	0.3398253485	0	0.4285714286
FBK-UPV-UEDIN-nowp	140	0.2007026116	0	0.0434782609
FBK-UPV-UEDIN-nowp	141	0.2386755919	0	0.431372549
FBK-UPV-UEDIN-nowp	142	0.350731338	0	0.4615384615
FBK-UPV-UEDIN-nowp	143	0.295216944	0	0.1351351351
FBK-UPV-UEDIN-nowp	144	0.3014663616	0	0.5079365079
FBK-UPV-UEDIN-nowp	145	0.4419871935	0	0.1538461538
FBK-UPV-UEDIN-nowp	146	0.3843329365	0	0.2
FBK-UPV-UEDIN-nowp	147	0.2591036915	0	0.2777777778
FBK-UPV-UEDIN-nowp	148	0.3490299936	0	0.1333333333
FBK-UPV-UEDIN-nowp	149	0.2156559529	0	0.1764705882
FBK-UPV-UEDIN-nowp	150	0.3227038503	0	0.3272727273
FBK-UPV-UEDIN-nowp	151	0.1580947647	0	0.0476190476
FBK-UPV-UEDIN-nowp	152	0.2579733773	0	0.6111111111
FBK-UPV-UEDIN-nowp	153	0.2341009572	0	0.4285714286
FBK-UPV-UEDIN-nowp	154	0.2021937269	0	0.1076923077
FBK-UPV-UEDIN-nowp	155	0.2440320967	0	0.3571428571
FBK-UPV-UEDIN-nowp	156	0.2568111962	0	0
FBK-UPV-UEDIN-nowp	157	0.2469726355	0	0.1290322581
FBK-UPV-UEDIN-nowp	158	0.334987567	0	0.3
FBK-UPV-UEDIN-nowp	159	0.3046193185	0	0.3103448276
FBK-UPV-UEDIN-nowp	160	0.3204327523	0	0.1914893617
FBK-UPV-UEDIN-nowp	161	0.3689764028	0	0.65625
FBK-UPV-UEDIN-nowp	162	0.245061894	0	0.1627906977
FBK-UPV-UEDIN-nowp	163	0.2743131164	0	0.4736842105
FBK-UPV-UEDIN-nowp	164	0.1962414478	0	0.5
FBK-UPV-UEDIN-nowp	165	0.3874240879	0	0.3125
FBK-UPV-UEDIN-nowp	166	0.4708015548	0	0.8
FBK-UPV-UEDIN-nowp	167	0.2819173157	0	0.3913043478
FBK-UPV-UEDIN-nowp	168	0.3750111993	0	0.2941176471
FBK-UPV-UEDIN-nowp	169	0.2580234365	0	0.1351351351
FBK-UPV-UEDIN-nowp	170	0.4553510967	0	0
FBK-UPV-UEDIN-nowp	171	0.3006983474	0	0.05
FBK-UPV-UEDIN-nowp	172	0.2980139014	0	0.0714285714
FBK-UPV-UEDIN-nowp	173	0.2996918895	0	0.3529411765
FBK-UPV-UEDIN-nowp	174	0.4038028758	0	0.8
FBK-UPV-UEDIN-nowp	175	0.2633911695	0	0.0857142857
FBK-UPV-UEDIN-nowp	176	0.3147177863	0	0.1176470588
FBK-UPV-UEDIN-nowp	177	0.4152584699	0	0.1111111111
FBK-UPV-UEDIN-nowp	178	0.1385025032	0	0.04
FBK-UPV-UEDIN-nowp	179	0.3080204282	0	0.2413793103
FBK-UPV-UEDIN-nowp	180	0.2204904377	0	0.1463414634
FBK-UPV-UEDIN-nowp	181	0.2174833075	0	0.44
FBK-UPV-UEDIN-nowp	182	0.2211635931	0	0.125
FBK-UPV-UEDIN-nowp	183	0.2776043894	0	0.5625
FBK-UPV-UEDIN-nowp	184	0.1507549157	0	0.09375
FBK-UPV-UEDIN-nowp	185	0.307439034	0	0.1612903226
FBK-UPV-UEDIN-nowp	186	0.2521192736	0	0.1666666667
FBK-UPV-UEDIN-nowp	187	0.2995985226	0	0.3846153846
FBK-UPV-UEDIN-nowp	188	0.3323599165	0	0.2307692308
FBK-UPV-UEDIN-nowp	189	0.2562777358	0	0.1111111111
FBK-UPV-UEDIN-nowp	190	0.281538812	0	0.35
FBK-UPV-UEDIN-nowp	191	0.1802356191	0	0.1041666667
FBK-UPV-UEDIN-nowp	192	0.2326298021	0	0.1666666667
FBK-UPV-UEDIN-nowp	193	0.3476027015	0	0.1176470588
FBK-UPV-UEDIN-nowp	194	0.2861132528	0	0.1818181818
FBK-UPV-UEDIN-nowp	195	0.2042195845	0	0.1111111111
FBK-UPV-UEDIN-nowp	196	0.2489196673	0	0.0833333333
FBK-UPV-UEDIN-nowp	197	0.3184119842	0	0.6
FBK-UPV-UEDIN-nowp	198	0.1479447649	0	0.1176470588
FBK-UPV-UEDIN-nowp	199	0.2619528484	0	0.0714285714
FBK-UPV-UEDIN-nowp	200	0.3336618448	0	0.5333333333
FBK-UPV-UEDIN-nowp	201	0.2649082647	0	0.25
FBK-UPV-UEDIN-nowp	202	0.349582069	0	0.8
FBK-UPV-UEDIN-nowp	203	0.2800982144	0	0.0930232558
FBK-UPV-UEDIN-nowp	204	0.2216932955	0	0.1379310345
FBK-UPV-UEDIN-nowp	205	0.2093447324	0	0.2068965517
FBK-UPV-UEDIN-nowp	206	0.5149616299	0	0.2307692308
FBK-UPV-UEDIN-nowp	207	0.3717075975	0	0.68
FBK-UPV-UEDIN-nowp	208	0.178145143	0	0.1276595745
Multilizer	1	0.067515755	0	0.0476190476
Multilizer	2	0.0104664581	0	0.0555555556
Multilizer	3	0.015570656	0	0.5
Multilizer	4	0.3919600932	0	0.2
Multilizer	5	0.2985811649	0	0.2666666667
Multilizer	6	0.0476584719	0	0.125
Multilizer	7	0.1359350452	0	0.2765957447
Multilizer	8	0.1434191554	0	0.40625
Multilizer	9	0.2551871686	0	0.5
Multilizer	10	0.2410463054	0	0.1612903226
Multilizer	11	0.1075232048	0	0.1666666667
Multilizer	12	0.0700068036	0	0.1379310345
Multilizer	13	0	0	0.375
Multilizer	14	0.2855015251	0	0.4285714286
Multilizer	15	0.1103256561	0	0.1851851852
Multilizer	16	0.2984445249	0	0.3846153846
Multilizer	17	0.1995236875	0	0.5882352941
Multilizer	18	0.1003387822	0	0.0555555556
Multilizer	19	0.1449872906	0	0
Multilizer	20	0.1697782867	0	0.1891891892
Multilizer	21	0.0245490085	0	0.2413793103
Multilizer	22	0.5065562575	0	0.1666666667
Multilizer	23	0.0966227078	0	0.2222222222
Multilizer	24	0.0108655387	0	0.0625
Multilizer	25	0.3903067702	0	0.6315789474
Multilizer	26	0.2345518313	0	0.2
Multilizer	27	0.0503043881	0	0.4848484848
Multilizer	28	0.3140465066	0	0.1428571429
Multilizer	29	0.3349974164	0	0.2857142857
Multilizer	30	0.1029285914	0	0.3103448276
Multilizer	31	0.5456676008	0	0.3333333333
Multilizer	32	0.1516884251	0	0.3333333333
Multilizer	33	0	0	0.2857142857
Multilizer	34	0.1081209413	0	0.1363636364
Multilizer	35	0.1116047698	0	0.1363636364
Multilizer	36	0.2562160601	0	0.0322580645
Multilizer	37	0.3280257202	0	0.2727272727
Multilizer	38	0.1106832728	0	0.1052631579
Multilizer	39	0.1940422042	0	0.2142857143
Multilizer	40	0.3821973958	0	0.4
Multilizer	41	0.0320418715	0	0.2
Multilizer	42	0.1362318751	0	0
Multilizer	43	0.4113051065	0	0.4545454545
Multilizer	44	0.4691444194	0	0
Multilizer	45	0.358809896	0	0.4545454545
Multilizer	46	0.1628432918	0	0.16
Multilizer	47	0.5762210747	0	0.6666666667
Multilizer	48	0.1366009621	0	0.04
Multilizer	49	0.3514508729	0	0.72
Multilizer	50	0.1988001749	0	0.2222222222
Multilizer	51	0.1050796752	0	0.0769230769
Multilizer	52	0.1815632389	0	0.2
Multilizer	53	0.0831234514	0	0.2
Multilizer	54	0.259783377	0	0.7777777778
Multilizer	55	0.0897105372	0	0
Multilizer	56	0.1716203476	0	0.2
Multilizer	57	0.1285905665	0	0.0714285714
Multilizer	58	0.2357911721	0	0.2
Multilizer	59	0.1756106177	0	0.4516129032
Multilizer	60	0.0413292743	0	0.2592592593
Multilizer	61	0.3678877776	0	0.5454545455
Multilizer	62	0.1697509947	0	0.2894736842
Multilizer	63	0.251212581	0	0.3571428571
Multilizer	64	0.1386934924	0	0.2173913043
Multilizer	65	0.2074625188	0	0.1578947368
Multilizer	66	0.1403590505	0	0.2105263158
Multilizer	67	0.2466010963	0	0.5357142857
Multilizer	68	0.2616485447	0	0.8181818182
Multilizer	69	0.1785363743	0	0.3333333333
Multilizer	70	0.2837092881	0	0.2916666667
Multilizer	71	0.0587947032	0	0.0740740741
Multilizer	72	0	0	0.3137254902
Multilizer	73	0	0	0.2727272727
Multilizer	74	0.0240075424	0	0.3703703704
Multilizer	75	0.1746895552	0	0.2
Multilizer	76	0	0	0.625
Multilizer	77	0.2007339721	0	0.2
Multilizer	78	0.0357762186	0	0.5555555556
Multilizer	79	0.1065510165	0	0.2564102564
Multilizer	80	0.2133872016	0	0.2
Multilizer	81	0.1181655023	0	0.1071428571
Multilizer	82	0	0	0.0952380952
Multilizer	83	0.1084496291	0	0.6428571429
Multilizer	84	0.0817604507	0	0.1515151515
Multilizer	85	0.1116499746	0	0.1764705882
Multilizer	86	0.0766963106	0	0.25
Multilizer	87	0.2859824106	0	0.4444444444
Multilizer	88	0.3090105265	0	0.1428571429
Multilizer	89	0	0	0.1162790698
Multilizer	90	0.0831993865	0	0.0555555556
Multilizer	91	0.2401968213	0	0.7435897436
Multilizer	92	0.1905499804	0	0.1428571429
Multilizer	93	0	0	0.1428571429
Multilizer	94	0.1657085222	0	0.3333333333
Multilizer	95	0	0	0.0408163265
Multilizer	96	0.1747204416	0	0.1071428571
Multilizer	97	0.4444738168	0	0.4
Multilizer	98	0.1426970248	0	0.0769230769
Multilizer	99	0	0	0.0615384615
Multilizer	100	0.0587706227	0	0.1627906977
Multilizer	101	0.0863152316	0	0.3529411765
Multilizer	102	0.1866000201	0	0.2941176471
Multilizer	103	0.2406792801	0	0.2
Multilizer	104	0.1162078998	0	0.2
Multilizer	105	0	0	0.1785714286
Multilizer	106	0.1393342556	0	0.3703703704
Multilizer	107	0.2801030409	0	0.303030303
Multilizer	108	0.3222629192	0	0.75
Multilizer	109	0.1184969214	0	0.1071428571
Multilizer	110	0.1116193161	0	0.3
Multilizer	111	0.1348984034	0	0.25
Multilizer	112	0.2405769256	0	0.375
Multilizer	113	0.2391179391	0	0.1923076923
Multilizer	114	0.2213303279	0	0.3333333333
Multilizer	115	0.1385204714	0	0.1538461538
Multilizer	116	0.2114885519	0	0.4
Multilizer	117	0.3716639521	0	0.5
Multilizer	118	0.0574896435	0	0
Multilizer	119	0	0	1
Multilizer	120	0.025252568	0	0.1111111111
Multilizer	121	0.1374309644	0	0.2272727273
Multilizer	122	0	0	0.1428571429
Multilizer	123	0.4386208517	0	0.5714285714
Multilizer	124	0.2494448814	0	0.1612903226
Multilizer	125	0.0727549323	0	0
Multilizer	126	0.132494728	0	0.0975609756
Multilizer	127	0.1509747027	0	0.4444444444
Multilizer	128	0.2453369491	0	0.1875
Multilizer	129	0.1075893069	0	0.0769230769
Multilizer	130	0.2938260581	0	0.4166666667
Multilizer	131	0.138901639	0	0
Multilizer	132	0.0778185068	0	0.1578947368
Multilizer	133	0.0879018756	0	0.25
Multilizer	134	0.2158332475	0	0.5714285714
Multilizer	135	0.1165286404	0	0.1875
Multilizer	136	0.4026573882	0	0.1578947368
Multilizer	137	0	0	0.0888888889
Multilizer	138	0.1457516869	0	0.2
Multilizer	139	0.3450303768	0	0.4285714286
Multilizer	140	0.157953986	0	0.0434782609
Multilizer	141	0.0863360167	0	0.431372549
Multilizer	142	0.2404230407	0	0.4615384615
Multilizer	143	0	0	0.1351351351
Multilizer	144	0.1518855136	0	0.5079365079
Multilizer	145	0.3814924279	0	0.1538461538
Multilizer	146	0.2560106536	0	0.2
Multilizer	147	0.2323358169	0	0.2777777778
Multilizer	148	0.0369501969	0	0.1333333333
Multilizer	149	0.2104584629	0	0.1764705882
Multilizer	150	0.15402347	0	0.3272727273
Multilizer	151	0.0190113785	0	0.0476190476
Multilizer	152	0.3566429544	0	0.6111111111
Multilizer	153	0	0	0.4285714286
Multilizer	154	0	0	0.1076923077
Multilizer	155	0.2860344983	0	0.3571428571
Multilizer	156	0.259857728	0	0
Multilizer	157	0.1127925841	0	0.1290322581
Multilizer	158	0.3006122278	0	0.3
Multilizer	159	0.1711706241	0	0.3103448276
Multilizer	160	0	0	0.1914893617
Multilizer	161	0.4737938483	0	0.65625
Multilizer	162	0.0186959875	0	0.1627906977
Multilizer	163	0.0445737702	0	0.4736842105
Multilizer	164	0.3508803341	0	0.5
Multilizer	165	0.2685172844	0	0.3125
Multilizer	166	0.4375997588	0	0.8
Multilizer	167	0.351043763	0	0.3913043478
Multilizer	168	0.2708768371	0	0.2941176471
Multilizer	169	0.0390980707	0	0.1351351351
Multilizer	170	0.1470673661	0	0
Multilizer	171	0.0528699612	0	0.05
Multilizer	172	0.1183663379	0	0.0714285714
Multilizer	173	0.1974004915	0	0.3529411765
Multilizer	174	0.480433877	0	0.8
Multilizer	175	0	0	0.0857142857
Multilizer	176	0.060572614	0	0.1176470588
Multilizer	177	0.5495628806	0	0.1111111111
Multilizer	178	0	0	0.04
Multilizer	179	0.1642033777	0	0.2413793103
Multilizer	180	0.0589764832	0	0.1463414634
Multilizer	181	0.2743891259	0	0.44
Multilizer	182	0.1697719387	0	0.125
Multilizer	183	0.1558243487	0	0.5625
Multilizer	184	0	0	0.09375
Multilizer	185	0.1034614005	0	0.1612903226
Multilizer	186	0.3052573874	0	0.1666666667
Multilizer	187	0.1914597762	0	0.3846153846
Multilizer	188	0.2798031741	0	0.2307692308
Multilizer	189	0.1901066947	0	0.1111111111
Multilizer	190	0.2431442959	0	0.35
Multilizer	191	0.1511357143	0	0.1041666667
Multilizer	192	0.1699617503	0	0.1666666667
Multilizer	193	0.0161820182	0	0.1176470588
Multilizer	194	0.165812638	0	0.1818181818
Multilizer	195	0.118559081	0	0.1111111111
Multilizer	196	0.1629083013	0	0.0833333333
Multilizer	197	0.2863374522	0	0.6
Multilizer	198	0.0554240821	0	0.1176470588
Multilizer	199	0.1281506438	0	0.0714285714
Multilizer	200	0.2063522387	0	0.5333333333
Multilizer	201	0.0759764534	0	0.25
Multilizer	202	0.292208268	0	0.8
Multilizer	203	0.1943969676	0	0.0930232558
Multilizer	204	0	0	0.1379310345
Multilizer	205	0.1453366257	0	0.2068965517
Multilizer	206	0.3955439246	0	0.2307692308
Multilizer	207	0.3796571463	0	0.68
Multilizer	208	0	0	0.1276595745
DCU-rtm-tree	1	0.1588393833	11	0.0476190476
DCU-rtm-tree	2	0.3310056751	127	0.0555555556
DCU-rtm-tree	3	0.2992838301	107	0.5
DCU-rtm-tree	4	0.67187773	207	0.2
DCU-rtm-tree	5	0.3782076285	155	0.2666666667
DCU-rtm-tree	6	0.4087403147	173	0.125
DCU-rtm-tree	7	0.443201031	183	0.2765957447
DCU-rtm-tree	8	0.4521005728	186	0.40625
DCU-rtm-tree	9	0.6024342115	203	0.5
DCU-rtm-tree	10	0.2818978278	92	0.1612903226
DCU-rtm-tree	11	0.2834632527	94	0.1666666667
DCU-rtm-tree	12	0.2842846531	95	0.1379310345
DCU-rtm-tree	13	0.3511656076	140	0.375
DCU-rtm-tree	14	0.376136697	153	0.4285714286
DCU-rtm-tree	15	0.2031113923	31	0.1851851852
DCU-rtm-tree	16	0.331663877	128	0.3846153846
DCU-rtm-tree	17	0.4020641939	169	0.5882352941
DCU-rtm-tree	18	0.1700506107	15	0.0555555556
DCU-rtm-tree	19	0.146674867	8	0
DCU-rtm-tree	20	0.2099567788	40	0.1891891892
DCU-rtm-tree	21	0.3833541071	161	0.2413793103
DCU-rtm-tree	22	0.5118615692	198	0.1666666667
DCU-rtm-tree	23	0.2303120296	56	0.2222222222
DCU-rtm-tree	24	0.1452199597	7	0.0625
DCU-rtm-tree	25	0.6360051234	205	0.6315789474
DCU-rtm-tree	26	0.262295959	82	0.2
DCU-rtm-tree	27	0.3791211079	158	0.4848484848
DCU-rtm-tree	28	0.2195533704	47	0.1428571429
DCU-rtm-tree	29	0.2989650132	106	0.2857142857
DCU-rtm-tree	30	0.2896911955	99	0.3103448276
DCU-rtm-tree	31	0.3465336331	137	0.3333333333
DCU-rtm-tree	32	0.3940273763	166	0.3333333333
DCU-rtm-tree	33	0.4842142078	193	0.2857142857
DCU-rtm-tree	34	0.3376196873	134	0.1363636364
DCU-rtm-tree	35	0.3057698404	114	0.1363636364
DCU-rtm-tree	36	0.1907127639	27	0.0322580645
DCU-rtm-tree	37	0.3719375097	151	0.2727272727
DCU-rtm-tree	38	0.1362168353	2	0.1052631579
DCU-rtm-tree	39	0.4643780035	189	0.2142857143
DCU-rtm-tree	40	0.4126022986	174	0.4
DCU-rtm-tree	41	0.2520114234	70	0.2
DCU-rtm-tree	42	0.211198018	42	0
DCU-rtm-tree	43	0.4247670716	179	0.4545454545
DCU-rtm-tree	44	0.3608316355	144	0
DCU-rtm-tree	45	0.2265031295	54	0.4545454545
DCU-rtm-tree	46	0.2489554565	69	0.16
DCU-rtm-tree	47	0.5464652403	200	0.6666666667
DCU-rtm-tree	48	0.1581240837	10	0.04
DCU-rtm-tree	49	0.5111117461	197	0.72
DCU-rtm-tree	50	0.2674245051	85	0.2222222222
DCU-rtm-tree	51	0.4043002801	171	0.0769230769
DCU-rtm-tree	52	0.2205371592	49	0.2
DCU-rtm-tree	53	0.2208871994	50	0.2
DCU-rtm-tree	54	0.4853077462	194	0.7777777778
DCU-rtm-tree	55	0.1601852463	12	0
DCU-rtm-tree	56	0.1932829594	29	0.2
DCU-rtm-tree	57	0.1794857021	21	0.0714285714
DCU-rtm-tree	58	0.2257318648	52	0.2
DCU-rtm-tree	59	0.2961290096	104	0.4516129032
DCU-rtm-tree	60	0.2164627335	45	0.2592592593
DCU-rtm-tree	61	0.3504219295	139	0.5454545455
DCU-rtm-tree	62	0.4554258258	187	0.2894736842
DCU-rtm-tree	63	0.188178071	26	0.3571428571
DCU-rtm-tree	64	0.2873981228	97	0.2173913043
DCU-rtm-tree	65	0.3333501184	131	0.1578947368
DCU-rtm-tree	66	0.2752278949	89	0.2105263158
DCU-rtm-tree	67	0.3515616713	141	0.5357142857
DCU-rtm-tree	68	0.7000653348	208	0.8181818182
DCU-rtm-tree	69	0.3204300126	120	0.3333333333
DCU-rtm-tree	70	0.2620426852	81	0.2916666667
DCU-rtm-tree	71	0.1839407933	24	0.0740740741
DCU-rtm-tree	72	0.2350336068	60	0.3137254902
DCU-rtm-tree	73	0.3035168003	112	0.2727272727
DCU-rtm-tree	74	0.3880734702	165	0.3703703704
DCU-rtm-tree	75	0.1806626119	22	0.2
DCU-rtm-tree	76	0.327075594	122	0.625
DCU-rtm-tree	77	0.1872088291	25	0.2
DCU-rtm-tree	78	0.1609433556	13	0.5555555556
DCU-rtm-tree	79	0.2953815243	102	0.2564102564
DCU-rtm-tree	80	0.2049695129	33	0.2
DCU-rtm-tree	81	0.3544962916	143	0.1071428571
DCU-rtm-tree	82	0.1108346338	1	0.0952380952
DCU-rtm-tree	83	0.462074525	188	0.6428571429
DCU-rtm-tree	84	0.3007650668	109	0.1515151515
DCU-rtm-tree	85	0.3404491958	136	0.1764705882
DCU-rtm-tree	86	0.3845109282	162	0.25
DCU-rtm-tree	87	0.496260233	195	0.4444444444
DCU-rtm-tree	88	0.2440465444	67	0.1428571429
DCU-rtm-tree	89	0.2192954633	46	0.1162790698
DCU-rtm-tree	90	0.3616913353	146	0.0555555556
DCU-rtm-tree	91	0.3953929459	167	0.7435897436
DCU-rtm-tree	92	0.2268893164	55	0.1428571429
DCU-rtm-tree	93	0.2943690424	101	0.1428571429
DCU-rtm-tree	94	0.4770488428	190	0.3333333333
DCU-rtm-tree	95	0.205566765	35	0.0408163265
DCU-rtm-tree	96	0.4127578087	175	0.1071428571
DCU-rtm-tree	97	0.5650979848	202	0.4
DCU-rtm-tree	98	0.3534271129	142	0.0769230769
DCU-rtm-tree	99	0.2052782955	34	0.0615384615
DCU-rtm-tree	100	0.2153308853	44	0.1627906977
DCU-rtm-tree	101	0.2433261462	65	0.3529411765
DCU-rtm-tree	102	0.3262703601	121	0.2941176471
DCU-rtm-tree	103	0.3787320196	157	0.2
DCU-rtm-tree	104	0.3964166606	168	0.2
DCU-rtm-tree	105	0.232749748	57	0.1785714286
DCU-rtm-tree	106	0.295524209	103	0.3703703704
DCU-rtm-tree	107	0.305499577	113	0.303030303
DCU-rtm-tree	108	0.3797242472	159	0.75
DCU-rtm-tree	109	0.3322846858	129	0.1071428571
DCU-rtm-tree	110	0.1550067548	9	0.3
DCU-rtm-tree	111	0.2450055357	68	0.25
DCU-rtm-tree	112	0.2395606532	62	0.375
DCU-rtm-tree	113	0.3148654538	118	0.1923076923
DCU-rtm-tree	114	0.2431443613	64	0.3333333333
DCU-rtm-tree	115	0.3000455069	108	0.1538461538
DCU-rtm-tree	116	0.547048008	201	0.4
DCU-rtm-tree	117	0.4807113379	192	0.5
DCU-rtm-tree	118	0.2847679911	96	0
DCU-rtm-tree	119	0.6691841806	206	1
DCU-rtm-tree	120	0.2702836771	87	0.1111111111
DCU-rtm-tree	121	0.2650786264	84	0.2272727273
DCU-rtm-tree	122	0.3879971324	164	0.1428571429
DCU-rtm-tree	123	0.2062822925	37	0.5714285714
DCU-rtm-tree	124	0.2567222919	75	0.1612903226
DCU-rtm-tree	125	0.2078389813	38	0
DCU-rtm-tree	126	0.1734428404	16	0.0975609756
DCU-rtm-tree	127	0.2551185477	73	0.4444444444
DCU-rtm-tree	128	0.3372732233	133	0.1875
DCU-rtm-tree	129	0.1390176031	3	0.0769230769
DCU-rtm-tree	130	0.405630943	172	0.4166666667
DCU-rtm-tree	131	0.1660669817	14	0
DCU-rtm-tree	132	0.4503088178	184	0.1578947368
DCU-rtm-tree	133	0.3614713232	145	0.25
DCU-rtm-tree	134	0.4507392789	185	0.5714285714
DCU-rtm-tree	135	0.2059990838	36	0.1875
DCU-rtm-tree	136	0.4147393281	176	0.1578947368
DCU-rtm-tree	137	0.2328916191	58	0.0888888889
DCU-rtm-tree	138	0.3290724322	125	0.2
DCU-rtm-tree	139	0.4797419429	191	0.4285714286
DCU-rtm-tree	140	0.3391970465	135	0.0434782609
DCU-rtm-tree	141	0.28910974	98	0.431372549
DCU-rtm-tree	142	0.3659385212	147	0.4615384615
DCU-rtm-tree	143	0.2550935577	72	0.1351351351
DCU-rtm-tree	144	0.2439155724	66	0.5079365079
DCU-rtm-tree	145	0.3018592286	111	0.1538461538
DCU-rtm-tree	146	0.403917132	170	0.2
DCU-rtm-tree	147	0.2588782793	77	0.2777777778
DCU-rtm-tree	148	0.2605115256	78	0.1333333333
DCU-rtm-tree	149	0.26111397	79	0.1764705882
DCU-rtm-tree	150	0.31370938	117	0.3272727273
DCU-rtm-tree	151	0.2033361868	32	0.0476190476
DCU-rtm-tree	152	0.3283837883	124	0.6111111111
DCU-rtm-tree	153	0.3696281831	150	0.4285714286
DCU-rtm-tree	154	0.2140567376	43	0.1076923077
DCU-rtm-tree	155	0.3783664245	156	0.3571428571
DCU-rtm-tree	156	0.1787704153	19	0
DCU-rtm-tree	157	0.2586485575	76	0.1290322581
DCU-rtm-tree	158	0.4358626549	181	0.3
DCU-rtm-tree	159	0.330485396	126	0.3103448276
DCU-rtm-tree	160	0.2787208172	91	0.1914893617
DCU-rtm-tree	161	0.3814174311	160	0.65625
DCU-rtm-tree	162	0.2987872451	105	0.1627906977
DCU-rtm-tree	163	0.3123283876	115	0.4736842105
DCU-rtm-tree	164	0.1920338157	28	0.5
DCU-rtm-tree	165	0.3745778973	152	0.3125
DCU-rtm-tree	166	0.3332267028	130	0.8
DCU-rtm-tree	167	0.2698274857	86	0.3913043478
DCU-rtm-tree	168	0.4172568682	177	0.2941176471
DCU-rtm-tree	169	0.2420732885	63	0.1351351351
DCU-rtm-tree	170	0.4216131331	178	0
DCU-rtm-tree	171	0.3015598391	110	0.05
DCU-rtm-tree	172	0.2611838976	80	0.0714285714
DCU-rtm-tree	173	0.3774052317	154	0.3529411765
DCU-rtm-tree	174	0.5009256073	196	0.8
DCU-rtm-tree	175	0.2018179198	30	0.0857142857
DCU-rtm-tree	176	0.2930347498	100	0.1176470588
DCU-rtm-tree	177	0.2245616871	51	0.1111111111
DCU-rtm-tree	178	0.1393989825	4	0.04
DCU-rtm-tree	179	0.3470324703	138	0.2413793103
DCU-rtm-tree	180	0.2257762714	53	0.1463414634
DCU-rtm-tree	181	0.1416159093	5	0.44
DCU-rtm-tree	182	0.1426110616	6	0.125
DCU-rtm-tree	183	0.3860074865	163	0.5625
DCU-rtm-tree	184	0.1745729101	17	0.09375
DCU-rtm-tree	185	0.3674385622	148	0.1612903226
DCU-rtm-tree	186	0.2084606598	39	0.1666666667
DCU-rtm-tree	187	0.2723352059	88	0.3846153846
DCU-rtm-tree	188	0.317758556	119	0.2307692308
DCU-rtm-tree	189	0.2647109884	83	0.1111111111
DCU-rtm-tree	190	0.3677045639	149	0.35
DCU-rtm-tree	191	0.1748480643	18	0.1041666667
DCU-rtm-tree	192	0.2103617737	41	0.1666666667
DCU-rtm-tree	193	0.3136477813	116	0.1176470588
DCU-rtm-tree	194	0.2355607286	61	0.1818181818
DCU-rtm-tree	195	0.2756297919	90	0.1111111111
DCU-rtm-tree	196	0.4310643096	180	0.0833333333
DCU-rtm-tree	197	0.2564866891	74	0.6
DCU-rtm-tree	198	0.1828369109	23	0.1176470588
DCU-rtm-tree	199	0.334905503	132	0.0714285714
DCU-rtm-tree	200	0.4378450343	182	0.5333333333
DCU-rtm-tree	201	0.2822899337	93	0.25
DCU-rtm-tree	202	0.5250315698	199	0.8
DCU-rtm-tree	203	0.2345392835	59	0.0930232558
DCU-rtm-tree	204	0.1794137273	20	0.1379310345
DCU-rtm-tree	205	0.3279852747	123	0.2068965517
DCU-rtm-tree	206	0.6275882027	204	0.2307692308
DCU-rtm-tree	207	0.2523049593	71	0.68
DCU-rtm-tree	208	0.220485544	48	0.1276595745
SHEFF-lite	5	0	1	0.2666666667
SHEFF-lite	156	0	2	0
SHEFF-lite	11	0	3	0.1666666667
SHEFF-lite	13	0	4	0.375
SHEFF-lite	47	0	5	0.6666666667
SHEFF-lite	68	0.013060865	6	0.8181818182
SHEFF-lite	44	0.0227898355	7	0
SHEFF-lite	4	0.039448502	8	0.2
SHEFF-lite	51	0.0454586964	9	0.0769230769
SHEFF-lite	46	0.0485083819	10	0.16
SHEFF-lite	147	0.0587732007	11	0.2777777778
SHEFF-lite	19	0.0623502558	12	0
SHEFF-lite	39	0.0654498227	13	0.2142857143
SHEFF-lite	38	0.0680092563	14	0.1052631579
SHEFF-lite	100	0.0723341919	15	0.1627906977
SHEFF-lite	174	0.0745032384	16	0.8
SHEFF-lite	145	0.0755132817	17	0.1538461538
SHEFF-lite	81	0.0788058361	18	0.1071428571
SHEFF-lite	41	0.0842758506	19	0.2
SHEFF-lite	191	0.0853535728	20	0.1041666667
SHEFF-lite	22	0.0937679516	21	0.1666666667
SHEFF-lite	162	0.0954785805	22	0.1627906977
SHEFF-lite	155	0.0969531189	23	0.3571428571
SHEFF-lite	64	0.0979203919	24	0.2173913043
SHEFF-lite	78	0.100359548	25	0.5555555556
SHEFF-lite	52	0.1031308981	26	0.2
SHEFF-lite	148	0.1072106115	27	0.1333333333
SHEFF-lite	66	0.1078949568	28	0.2105263158
SHEFF-lite	173	0.1084773041	29	0.3529411765
SHEFF-lite	195	0.115777007	30	0.1111111111
SHEFF-lite	188	0.1223504832	31	0.2307692308
SHEFF-lite	113	0.1231576459	32	0.1923076923
SHEFF-lite	141	0.1345328248	33	0.431372549
SHEFF-lite	119	0.1395888922	34	1
SHEFF-lite	110	0.1408163544	35	0.3
SHEFF-lite	166	0.1423322179	36	0.8
SHEFF-lite	183	0.1429900375	37	0.5625
SHEFF-lite	178	0.147804264	38	0.04
SHEFF-lite	201	0.1497164624	39	0.25
SHEFF-lite	26	0.1526712933	40	0.2
SHEFF-lite	165	0.1554316217	41	0.3125
SHEFF-lite	35	0.1565322089	42	0.1363636364
SHEFF-lite	184	0.1577409634	43	0.09375
SHEFF-lite	177	0.1630041954	44	0.1111111111
SHEFF-lite	143	0.1654277965	45	0.1351351351
SHEFF-lite	207	0.1658313252	46	0.68
SHEFF-lite	176	0.1659000044	47	0.1176470588
SHEFF-lite	40	0.1687189756	48	0.4
SHEFF-lite	203	0.1739648814	49	0.0930232558
SHEFF-lite	163	0.1772263897	50	0.4736842105
SHEFF-lite	84	0.1782992263	51	0.1515151515
SHEFF-lite	15	0.179011961	52	0.1851851852
SHEFF-lite	112	0.1839058178	53	0.375
SHEFF-lite	57	0.1852196746	54	0.0714285714
SHEFF-lite	94	0.1873739839	55	0.3333333333
SHEFF-lite	54	0.1878060331	56	0.7777777778
SHEFF-lite	33	0.1897680062	57	0.2857142857
SHEFF-lite	42	0.1902762699	58	0
SHEFF-lite	71	0.1921239321	59	0.0740740741
SHEFF-lite	99	0.1926426865	60	0.0615384615
SHEFF-lite	45	0.1936578367	61	0.4545454545
SHEFF-lite	43	0.1989450225	62	0.4545454545
SHEFF-lite	146	0.2016881276	63	0.2
SHEFF-lite	6	0.2027186793	64	0.125
SHEFF-lite	48	0.2034270357	65	0.04
SHEFF-lite	56	0.2050466266	66	0.2
SHEFF-lite	89	0.2061411923	67	0.1162790698
SHEFF-lite	69	0.2096700681	68	0.3333333333
SHEFF-lite	172	0.2105870893	69	0.0714285714
SHEFF-lite	168	0.2146859563	70	0.2941176471
SHEFF-lite	90	0.2167663597	71	0.0555555556
SHEFF-lite	115	0.2185183582	72	0.1538461538
SHEFF-lite	150	0.2192317865	73	0.3272727273
SHEFF-lite	97	0.2243953479	74	0.4
SHEFF-lite	180	0.2262958478	75	0.1463414634
SHEFF-lite	10	0.2267929699	76	0.1612903226
SHEFF-lite	131	0.226835732	77	0
SHEFF-lite	73	0.2311279016	78	0.2727272727
SHEFF-lite	196	0.2333462933	79	0.0833333333
SHEFF-lite	133	0.2340703927	80	0.25
SHEFF-lite	80	0.2372137988	81	0.2
SHEFF-lite	12	0.2374737447	82	0.1379310345
SHEFF-lite	171	0.2415459838	83	0.05
SHEFF-lite	1	0.2457002462	84	0.0476190476
SHEFF-lite	123	0.2489933236	85	0.5714285714
SHEFF-lite	101	0.24905595	86	0.3529411765
SHEFF-lite	74	0.2496091123	87	0.3703703704
SHEFF-lite	55	0.2520017182	88	0
SHEFF-lite	159	0.2548220694	89	0.3103448276
SHEFF-lite	121	0.2564250553	90	0.2272727273
SHEFF-lite	105	0.2564994599	91	0.1785714286
SHEFF-lite	7	0.2566194181	92	0.2765957447
SHEFF-lite	185	0.2591601641	93	0.1612903226
SHEFF-lite	140	0.2629551233	94	0.0434782609
SHEFF-lite	95	0.2671324816	95	0.0408163265
SHEFF-lite	2	0.2690953336	96	0.0555555556
SHEFF-lite	107	0.2714484194	97	0.303030303
SHEFF-lite	138	0.2755825248	98	0.2
SHEFF-lite	16	0.2756845021	99	0.3846153846
SHEFF-lite	83	0.2760103457	100	0.6428571429
SHEFF-lite	76	0.2788489959	101	0.625
SHEFF-lite	25	0.2790382563	102	0.6315789474
SHEFF-lite	3	0.2793359211	103	0.5
SHEFF-lite	190	0.2811409997	104	0.35
SHEFF-lite	139	0.2822274128	105	0.4285714286
SHEFF-lite	49	0.2841381381	106	0.72
SHEFF-lite	175	0.2844147004	107	0.0857142857
SHEFF-lite	208	0.2856890491	108	0.1276595745
SHEFF-lite	102	0.2870094765	109	0.2941176471
SHEFF-lite	132	0.2879434317	110	0.1578947368
SHEFF-lite	204	0.2890830445	111	0.1379310345
SHEFF-lite	151	0.2915889451	112	0.0476190476
SHEFF-lite	142	0.2921833484	113	0.4615384615
SHEFF-lite	169	0.2921950781	114	0.1351351351
SHEFF-lite	118	0.2951317208	115	0
SHEFF-lite	189	0.296748987	116	0.1111111111
SHEFF-lite	65	0.2993030159	117	0.1578947368
SHEFF-lite	129	0.3071003185	118	0.0769230769
SHEFF-lite	59	0.3076145418	119	0.4516129032
SHEFF-lite	111	0.3101002055	120	0.25
SHEFF-lite	82	0.3109465383	121	0.0952380952
SHEFF-lite	120	0.3150962369	122	0.1111111111
SHEFF-lite	9	0.3156577973	123	0.5
SHEFF-lite	60	0.3161636338	124	0.2592592593
SHEFF-lite	186	0.3181195909	125	0.1666666667
SHEFF-lite	67	0.3266304474	126	0.5357142857
SHEFF-lite	116	0.3284951092	127	0.4
SHEFF-lite	85	0.3287750617	128	0.1764705882
SHEFF-lite	31	0.3290009678	129	0.3333333333
SHEFF-lite	34	0.3330013881	130	0.1363636364
SHEFF-lite	114	0.3332261367	131	0.3333333333
SHEFF-lite	18	0.3352493246	132	0.0555555556
SHEFF-lite	134	0.3390456238	133	0.5714285714
SHEFF-lite	130	0.3393745075	134	0.4166666667
SHEFF-lite	136	0.3405321781	135	0.1578947368
SHEFF-lite	37	0.3421730397	136	0.2727272727
SHEFF-lite	126	0.3424368661	137	0.0975609756
SHEFF-lite	30	0.3429801295	138	0.3103448276
SHEFF-lite	86	0.3448860903	139	0.25
SHEFF-lite	62	0.3486141462	140	0.2894736842
SHEFF-lite	75	0.3492391191	141	0.2
SHEFF-lite	153	0.3551054146	142	0.4285714286
SHEFF-lite	28	0.3574156597	143	0.1428571429
SHEFF-lite	193	0.3583877488	144	0.1176470588
SHEFF-lite	127	0.3593708088	145	0.4444444444
SHEFF-lite	98	0.35967919	146	0.0769230769
SHEFF-lite	181	0.3664002915	147	0.44
SHEFF-lite	29	0.3671445875	148	0.2857142857
SHEFF-lite	24	0.3696620313	149	0.0625
SHEFF-lite	198	0.3701670536	150	0.1176470588
SHEFF-lite	103	0.371728629	151	0.2
SHEFF-lite	58	0.3731536987	152	0.2
SHEFF-lite	106	0.3737682005	153	0.3703703704
SHEFF-lite	117	0.3772001511	154	0.5
SHEFF-lite	53	0.3850150716	155	0.2
SHEFF-lite	70	0.3855822654	156	0.2916666667
SHEFF-lite	161	0.3863589524	157	0.65625
SHEFF-lite	77	0.3863724645	158	0.2
SHEFF-lite	160	0.3883627965	159	0.1914893617
SHEFF-lite	124	0.388466088	160	0.1612903226
SHEFF-lite	109	0.3896299336	161	0.1071428571
SHEFF-lite	17	0.3901152997	162	0.5882352941
SHEFF-lite	27	0.3907034172	163	0.4848484848
SHEFF-lite	21	0.3919727284	164	0.2413793103
SHEFF-lite	8	0.3921338303	165	0.40625
SHEFF-lite	206	0.3948022346	166	0.2307692308
SHEFF-lite	104	0.3967076571	167	0.2
SHEFF-lite	92	0.3997433056	168	0.1428571429
SHEFF-lite	167	0.3998019525	169	0.3913043478
SHEFF-lite	179	0.4016601033	170	0.2413793103
SHEFF-lite	87	0.4039194511	171	0.4444444444
SHEFF-lite	20	0.4105042062	172	0.1891891892
SHEFF-lite	72	0.4130082396	173	0.3137254902
SHEFF-lite	202	0.4131721322	174	0.8
SHEFF-lite	144	0.4134038527	175	0.5079365079
SHEFF-lite	63	0.4208031657	176	0.3571428571
SHEFF-lite	152	0.421252099	177	0.6111111111
SHEFF-lite	125	0.4246026349	178	0
SHEFF-lite	149	0.4251395953	179	0.1764705882
SHEFF-lite	96	0.4253357034	180	0.1071428571
SHEFF-lite	164	0.4275338347	181	0.5
SHEFF-lite	170	0.440727459	182	0
SHEFF-lite	205	0.4422263485	183	0.2068965517
SHEFF-lite	197	0.4489424944	184	0.6
SHEFF-lite	187	0.4496886704	185	0.3846153846
SHEFF-lite	36	0.45131276	186	0.0322580645
SHEFF-lite	108	0.4563161907	187	0.75
SHEFF-lite	137	0.4621856494	188	0.0888888889
SHEFF-lite	14	0.4624565291	189	0.4285714286
SHEFF-lite	93	0.4628219405	190	0.1428571429
SHEFF-lite	192	0.469253855	191	0.1666666667
SHEFF-lite	199	0.4744363609	192	0.0714285714
SHEFF-lite	23	0.4745006006	193	0.2222222222
SHEFF-lite	194	0.483300371	194	0.1818181818
SHEFF-lite	61	0.483903344	195	0.5454545455
SHEFF-lite	32	0.4888224369	196	0.3333333333
SHEFF-lite	88	0.4908725479	197	0.1428571429
SHEFF-lite	122	0.4960363623	198	0.1428571429
SHEFF-lite	79	0.4975433182	199	0.2564102564
SHEFF-lite	157	0.4975774779	200	0.1290322581
SHEFF-lite	128	0.5018912708	201	0.1875
SHEFF-lite	50	0.5077245015	202	0.2222222222
SHEFF-lite	200	0.542019326	203	0.5333333333
SHEFF-lite	135	0.5797712972	204	0.1875
SHEFF-lite	158	0.5821273088	205	0.3
SHEFF-lite	182	0.5821491357	206	0.125
SHEFF-lite	154	0.5833433621	207	0.1076923077
SHEFF-lite	91	0.603578386	208	0.7435897436
baseline	1	0.1205181059	3	0.0476190476
baseline	2	0.1896090038	25	0.0555555556
baseline	3	0.4007058301	184	0.5
baseline	4	0.5453796268	204	0.2
baseline	5	0.2992779754	130	0.2666666667
baseline	6	0.3111797463	138	0.125
baseline	7	0.3477610367	165	0.2765957447
baseline	8	0.3566371931	169	0.40625
baseline	9	0.3084690916	137	0.5
baseline	10	0.2498921683	77	0.1612903226
baseline	11	0.4010361	185	0.1666666667
baseline	12	0.2078498803	41	0.1379310345
baseline	13	0.4259312392	190	0.375
baseline	14	0.2707082474	96	0.4285714286
baseline	15	0.2703910811	95	0.1851851852
baseline	16	0.2717883338	97	0.3846153846
baseline	17	0.2749741667	102	0.5882352941
baseline	18	0.2991869006	129	0.0555555556
baseline	19	0.1892386528	23	0
baseline	20	0.1773665828	18	0.1891891892
baseline	21	0.3421394347	160	0.2413793103
baseline	22	0.291182806	118	0.1666666667
baseline	23	0.2341587237	61	0.2222222222
baseline	24	0.2001109619	33	0.0625
baseline	25	0.520789885	202	0.6315789474
baseline	26	0.1628487975	12	0.2
baseline	27	0.3604275997	171	0.4848484848
baseline	28	0.2039728402	36	0.1428571429
baseline	29	0.1899438433	27	0.2857142857
baseline	30	0.2732673653	99	0.3103448276
baseline	31	0.3855152531	180	0.3333333333
baseline	32	0.4500594954	195	0.3333333333
baseline	33	0.205498302	38	0.2857142857
baseline	34	0.3062259098	135	0.1363636364
baseline	35	0.2964733011	124	0.1363636364
baseline	36	0.2235431619	52	0.0322580645
baseline	37	0.2556515927	79	0.2727272727
baseline	38	0.2062906208	39	0.1052631579
baseline	39	0.6276936301	207	0.2142857143
baseline	40	0.3454699256	163	0.4
baseline	41	0.4465803937	193	0.2
baseline	42	0.2108307571	42	0
baseline	43	0.3875985514	183	0.4545454545
baseline	44	0.4659545348	197	0
baseline	45	0.277077224	105	0.4545454545
baseline	46	0.1585719239	8	0.16
baseline	47	0.6359046141	208	0.6666666667
baseline	48	0.1721721124	15	0.04
baseline	49	0.5195958584	201	0.72
baseline	50	0.306957009	136	0.2222222222
baseline	51	0.2806532388	111	0.0769230769
baseline	52	0.1911454371	29	0.2
baseline	53	0.2941743055	122	0.2
baseline	54	0.2164643403	44	0.7777777778
baseline	55	0.1588502901	10	0
baseline	56	0.2675022912	91	0.2
baseline	57	0.2364923291	63	0.0714285714
baseline	58	0.3322881496	152	0.2
baseline	59	0.2996156105	131	0.4516129032
baseline	60	0.2773709604	106	0.2592592593
baseline	61	0.243301233	73	0.5454545455
baseline	62	0.3853769695	179	0.2894736842
baseline	63	0.2786005494	108	0.3571428571
baseline	64	0.2795138473	109	0.2173913043
baseline	65	0.4197867875	189	0.1578947368
baseline	66	0.1588269781	9	0.2105263158
baseline	67	0.3552916805	168	0.5357142857
baseline	68	0.4413470523	191	0.8181818182
baseline	69	0.2394736297	69	0.3333333333
baseline	70	0.3750905867	176	0.2916666667
baseline	71	0.2700932484	93	0.0740740741
baseline	72	0.1937859066	30	0.3137254902
baseline	73	0.2294762973	56	0.2727272727
baseline	74	0.327125259	149	0.3703703704
baseline	75	0.1775285353	19	0.2
baseline	76	0.2741056899	101	0.625
baseline	77	0.2311289649	57	0.2
baseline	78	0.3488816521	166	0.5555555556
baseline	79	0.2377507909	66	0.2564102564
baseline	80	0.3398370335	159	0.2
baseline	81	0.3347498166	156	0.1071428571
baseline	82	0.1738285768	17	0.0952380952
baseline	83	0.1642082801	13	0.6428571429
baseline	84	0.3235253692	148	0.1515151515
baseline	85	0.2461969011	75	0.1764705882
baseline	86	0.2720383201	98	0.25
baseline	87	0.328024649	150	0.4444444444
baseline	88	0.4500594052	194	0.1428571429
baseline	89	0.1893033382	24	0.1162790698
baseline	90	0.2943572482	123	0.0555555556
baseline	91	0.3323042146	153	0.7435897436
baseline	92	0.2978386589	128	0.1428571429
baseline	93	0.0598391928	1	0.1428571429
baseline	94	0.2561668233	80	0.3333333333
baseline	95	0.216589279	45	0.0408163265
baseline	96	0.196797566	31	0.1071428571
baseline	97	0.5003648205	199	0.4
baseline	98	0.2763861436	104	0.0769230769
baseline	99	0.1733845765	16	0.0615384615
baseline	100	0.1403841787	5	0.1627906977
baseline	101	0.2273373044	54	0.3529411765
baseline	102	0.2670447011	90	0.2941176471
baseline	103	0.2733027739	100	0.2
baseline	104	0.3469184721	164	0.2
baseline	105	0.2330666003	59	0.1785714286
baseline	106	0.2928983788	119	0.3703703704
baseline	107	0.3135996868	140	0.303030303
baseline	108	0.2623149638	86	0.75
baseline	109	0.2065769946	40	0.1071428571
baseline	110	0.243163924	72	0.3
baseline	111	0.2366215201	64	0.25
baseline	112	0.2575068508	82	0.375
baseline	113	0.2373981987	65	0.1923076923
baseline	114	0.3009900198	132	0.3333333333
baseline	115	0.3164482756	142	0.1538461538
baseline	116	0.4608272216	196	0.4
baseline	117	0.4108635852	187	0.5
baseline	118	0.2395791213	70	0
baseline	119	0.2200010305	48	1
baseline	120	0.201370994	35	0.1111111111
baseline	121	0.2330123797	58	0.2272727273
baseline	122	0.3129826748	139	0.1428571429
baseline	123	0.3202264574	146	0.5714285714
baseline	124	0.2814235317	112	0.1612903226
baseline	125	0.1705780223	14	0
baseline	126	0.2211434808	51	0.0975609756
baseline	127	0.2607179299	83	0.4444444444
baseline	128	0.3328650712	154	0.1875
baseline	129	0.2939698357	120	0.0769230769
baseline	130	0.374039403	175	0.4166666667
baseline	131	0.28694749	114	0
baseline	132	0.3059839258	134	0.1578947368
baseline	133	0.3360969113	157	0.25
baseline	134	0.2283531509	55	0.5714285714
baseline	135	0.3212533237	147	0.1875
baseline	136	0.5494509728	205	0.1578947368
baseline	137	0.2524963293	78	0.0888888889
baseline	138	0.2185589534	46	0.2
baseline	139	0.4734553186	198	0.4285714286
baseline	140	0.2653542674	89	0.0434782609
baseline	141	0.2050226889	37	0.431372549
baseline	142	0.2386106437	68	0.4615384615
baseline	143	0.2638356805	88	0.1351351351
baseline	144	0.3452575249	162	0.5079365079
baseline	145	0.2971160028	127	0.1538461538
baseline	146	0.2940045639	121	0.2
baseline	147	0.2853125307	113	0.2777777778
baseline	148	0.3686629437	173	0.1333333333
baseline	149	0.3042467392	133	0.1764705882
baseline	150	0.2624632849	87	0.3272727273
baseline	151	0.2011176383	34	0.0476190476
baseline	152	0.2402484329	71	0.6111111111
baseline	153	0.2346963346	62	0.4285714286
baseline	154	0.1847469591	21	0.1076923077
baseline	155	0.1617120798	11	0.3571428571
baseline	156	0.2700975725	94	0
baseline	157	0.3448204381	161	0.1290322581
baseline	158	0.2876363337	116	0.3
baseline	159	0.1899212331	26	0.3103448276
baseline	160	0.2967704491	126	0.1914893617
baseline	161	0.2797596131	110	0.65625
baseline	162	0.2609869631	85	0.1627906977
baseline	163	0.1269769892	4	0.4736842105
baseline	164	0.3156176992	141	0.5
baseline	165	0.2699498783	92	0.3125
baseline	166	0.515503075	200	0.8
baseline	167	0.3378785874	158	0.3913043478
baseline	168	0.3864098184	181	0.2941176471
baseline	169	0.3177795282	145	0.1351351351
baseline	170	0.363810175	172	0
baseline	171	0.2608772984	84	0.05
baseline	172	0.2469650362	76	0.0714285714
baseline	173	0.3831265172	177	0.3529411765
baseline	174	0.1879503809	22	0.8
baseline	175	0.2263024066	53	0.0857142857
baseline	176	0.3173766765	144	0.1176470588
baseline	177	0.5384511926	203	0.1111111111
baseline	178	0.140820696	6	0.04
baseline	179	0.2886378419	117	0.2413793103
baseline	180	0.1788944688	20	0.1463414634
baseline	181	0.2382749225	67	0.44
baseline	182	0.2141186199	43	0.125
baseline	183	0.3864422705	182	0.5625
baseline	184	0.1911057226	28	0.09375
baseline	185	0.287217027	115	0.1612903226
baseline	186	0.3313681738	151	0.1666666667
baseline	187	0.3844905497	178	0.3846153846
baseline	188	0.1971790389	32	0.2307692308
baseline	189	0.2194933137	47	0.1111111111
baseline	190	0.220765803	49	0.35
baseline	191	0.2565501176	81	0.1041666667
baseline	192	0.3164626576	143	0.1666666667
baseline	193	0.2774674075	107	0.1176470588
baseline	194	0.4462828362	192	0.1818181818
baseline	195	0.2754170166	103	0.1111111111
baseline	196	0.3342273441	155	0.0833333333
baseline	197	0.358983439	170	0.6
baseline	198	0.1446023489	7	0.1176470588
baseline	199	0.220827645	50	0.0714285714
baseline	200	0.4036696236	186	0.5333333333
baseline	201	0.2449257783	74	0.25
baseline	202	0.3696656694	174	0.8
baseline	203	0.3544455088	167	0.0930232558
baseline	204	0.0930621062	2	0.1379310345
baseline	205	0.2333344685	60	0.2068965517
baseline	206	0.6119737012	206	0.2307692308
baseline	207	0.4170427489	188	0.68
baseline	208	0.2965086114	125	0.1276595745
DFKI-svr-xdata	1	0.2105181059	0	0.0476190476
DFKI-svr-xdata	2	0.3947231338	0	0.0555555556
DFKI-svr-xdata	3	0.3887860177	0	0.5
DFKI-svr-xdata	4	0.348254465	0	0.2
DFKI-svr-xdata	5	0.4027075778	0	0.2666666667
DFKI-svr-xdata	6	0.3038312824	0	0.125
DFKI-svr-xdata	7	0.3853446193	0	0.2765957447
DFKI-svr-xdata	8	0.4681642524	0	0.40625
DFKI-svr-xdata	9	0.4257886605	0	0.5
DFKI-svr-xdata	10	0.3126076267	0	0.1612903226
DFKI-svr-xdata	11	0.2880508003	0	0.1666666667
DFKI-svr-xdata	12	0.2484505465	0	0.1379310345
DFKI-svr-xdata	13	0.2542333434	0	0.375
DFKI-svr-xdata	14	0.402081628	0	0.4285714286
DFKI-svr-xdata	15	0.1798218814	0	0.1851851852
DFKI-svr-xdata	16	0.46955219	0	0.3846153846
DFKI-svr-xdata	17	0.3472344117	0	0.5882352941
DFKI-svr-xdata	18	0.2980801011	0	0.0555555556
DFKI-svr-xdata	19	0.2069549843	0	0
DFKI-svr-xdata	20	0.2696217296	0	0.1891891892
DFKI-svr-xdata	21	0.3607401021	0	0.2413793103
DFKI-svr-xdata	22	0.4846900408	0	0.1666666667
DFKI-svr-xdata	23	0.3644978182	0	0.2222222222
DFKI-svr-xdata	24	0.2943577232	0	0.0625
DFKI-svr-xdata	25	0.6053640246	0	0.6315789474
DFKI-svr-xdata	26	0.2122672442	0	0.2
DFKI-svr-xdata	27	0.3979571631	0	0.4848484848
DFKI-svr-xdata	28	0.2974665284	0	0.1428571429
DFKI-svr-xdata	29	0.3757355309	0	0.2857142857
DFKI-svr-xdata	30	0.4091910388	0	0.3103448276
DFKI-svr-xdata	31	0.2963380657	0	0.3333333333
DFKI-svr-xdata	32	0.3528907364	0	0.3333333333
DFKI-svr-xdata	33	0.3232171213	0	0.2857142857
DFKI-svr-xdata	34	0.3874276446	0	0.1363636364
DFKI-svr-xdata	35	0.3817081254	0	0.1363636364
DFKI-svr-xdata	36	0.2767164485	0	0.0322580645
DFKI-svr-xdata	37	0.3075945905	0	0.2727272727
DFKI-svr-xdata	38	0.2752480091	0	0.1052631579
DFKI-svr-xdata	39	0.4134498303	0	0.2142857143
DFKI-svr-xdata	40	0.34497556	0	0.4
DFKI-svr-xdata	41	0.223587219	0	0.2
DFKI-svr-xdata	42	0.2030876794	0	0
DFKI-svr-xdata	43	0.3625266407	0	0.4545454545
DFKI-svr-xdata	44	0.2380276498	0	0
DFKI-svr-xdata	45	0.3313292635	0	0.4545454545
DFKI-svr-xdata	46	0.2875492464	0	0.16
DFKI-svr-xdata	47	0.3598316612	0	0.6666666667
DFKI-svr-xdata	48	0.2611388259	0	0.04
DFKI-svr-xdata	49	0.5048033583	0	0.72
DFKI-svr-xdata	50	0.3200901	0	0.2222222222
DFKI-svr-xdata	51	0.449215855	0	0.0769230769
DFKI-svr-xdata	52	0.3211675573	0	0.2
DFKI-svr-xdata	53	0.3253777895	0	0.2
DFKI-svr-xdata	54	0.4090609595	0	0.7777777778
DFKI-svr-xdata	55	0.304600093	0	0
DFKI-svr-xdata	56	0.2428612554	0	0.2
DFKI-svr-xdata	57	0.2783107256	0	0.0714285714
DFKI-svr-xdata	58	0.3773799579	0	0.2
DFKI-svr-xdata	59	0.3418571913	0	0.4516129032
DFKI-svr-xdata	60	0.4264394216	0	0.2592592593
DFKI-svr-xdata	61	0.3119625422	0	0.5454545455
DFKI-svr-xdata	62	0.5482818728	0	0.2894736842
DFKI-svr-xdata	63	0.3202044517	0	0.3571428571
DFKI-svr-xdata	64	0.3171767372	0	0.2173913043
DFKI-svr-xdata	65	0.3917288089	0	0.1578947368
DFKI-svr-xdata	66	0.3157561475	0	0.2105263158
DFKI-svr-xdata	67	0.3357487282	0	0.5357142857
DFKI-svr-xdata	68	0.5488002416	0	0.8181818182
DFKI-svr-xdata	69	0.309715882	0	0.3333333333
DFKI-svr-xdata	70	0.442433891	0	0.2916666667
DFKI-svr-xdata	71	0.3514686527	0	0.0740740741
DFKI-svr-xdata	72	0.3136427432	0	0.3137254902
DFKI-svr-xdata	73	0.2700247546	0	0.2727272727
DFKI-svr-xdata	74	0.4258031845	0	0.3703703704
DFKI-svr-xdata	75	0.2433950087	0	0.2
DFKI-svr-xdata	76	0.3439732649	0	0.625
DFKI-svr-xdata	77	0.3110808742	0	0.2
DFKI-svr-xdata	78	0.3679030115	0	0.5555555556
DFKI-svr-xdata	79	0.3320566597	0	0.2564102564
DFKI-svr-xdata	80	0.2566853377	0	0.2
DFKI-svr-xdata	81	0.3863675686	0	0.1071428571
DFKI-svr-xdata	82	0.3107513311	0	0.0952380952
DFKI-svr-xdata	83	0.2429711155	0	0.6428571429
DFKI-svr-xdata	84	0.3099902634	0	0.1515151515
DFKI-svr-xdata	85	0.2754870031	0	0.1764705882
DFKI-svr-xdata	86	0.3967474874	0	0.25
DFKI-svr-xdata	87	0.4061403497	0	0.4444444444
DFKI-svr-xdata	88	0.4163918371	0	0.1428571429
DFKI-svr-xdata	89	0.3017529773	0	0.1162790698
DFKI-svr-xdata	90	0.2357639885	0	0.0555555556
DFKI-svr-xdata	91	0.3252729322	0	0.7435897436
DFKI-svr-xdata	92	0.2887690081	0	0.1428571429
DFKI-svr-xdata	93	0.2408438887	0	0.1428571429
DFKI-svr-xdata	94	0.338956348	0	0.3333333333
DFKI-svr-xdata	95	0.316957694	0	0.0408163265
DFKI-svr-xdata	96	0.4019813138	0	0.1071428571
DFKI-svr-xdata	97	0.5202683684	0	0.4
DFKI-svr-xdata	98	0.313875406	0	0.0769230769
DFKI-svr-xdata	99	0.1714476784	0	0.0615384615
DFKI-svr-xdata	100	0.2216203131	0	0.1627906977
DFKI-svr-xdata	101	0.3184547186	0	0.3529411765
DFKI-svr-xdata	102	0.3051013207	0	0.2941176471
DFKI-svr-xdata	103	0.3329967566	0	0.2
DFKI-svr-xdata	104	0.340371662	0	0.2
DFKI-svr-xdata	105	0.3356316005	0	0.1785714286
DFKI-svr-xdata	106	0.2871987921	0	0.3703703704
DFKI-svr-xdata	107	0.3423083923	0	0.303030303
DFKI-svr-xdata	108	0.4664725377	0	0.75
DFKI-svr-xdata	109	0.315010651	0	0.1071428571
DFKI-svr-xdata	110	0.3077126281	0	0.3
DFKI-svr-xdata	111	0.2975438886	0	0.25
DFKI-svr-xdata	112	0.3622018736	0	0.375
DFKI-svr-xdata	113	0.317850569	0	0.1923076923
DFKI-svr-xdata	114	0.1966780446	0	0.3333333333
DFKI-svr-xdata	115	0.43390781	0	0.1538461538
DFKI-svr-xdata	116	0.6291344172	0	0.4
DFKI-svr-xdata	117	0.4804799334	0	0.5
DFKI-svr-xdata	118	0.3279169022	0	0
DFKI-svr-xdata	119	0.2391368243	0	1
DFKI-svr-xdata	120	0.3112773398	0	0.1111111111
DFKI-svr-xdata	121	0.3649870613	0	0.2272727273
DFKI-svr-xdata	122	0.3171415127	0	0.1428571429
DFKI-svr-xdata	123	0.2757230773	0	0.5714285714
DFKI-svr-xdata	124	0.3012101809	0	0.1612903226
DFKI-svr-xdata	125	0.4382581677	0	0
DFKI-svr-xdata	126	0.3671430398	0	0.0975609756
DFKI-svr-xdata	127	0.3364389617	0	0.4444444444
DFKI-svr-xdata	128	0.3914023633	0	0.1875
DFKI-svr-xdata	129	0.2375359426	0	0.0769230769
DFKI-svr-xdata	130	0.3722879665	0	0.4166666667
DFKI-svr-xdata	131	0.3013773852	0	0
DFKI-svr-xdata	132	0.4472911233	0	0.1578947368
DFKI-svr-xdata	133	0.221309264	0	0.25
DFKI-svr-xdata	134	0.4416041114	0	0.5714285714
DFKI-svr-xdata	135	0.3019989939	0	0.1875
DFKI-svr-xdata	136	0.4828183592	0	0.1578947368
DFKI-svr-xdata	137	0.322202462	0	0.0888888889
DFKI-svr-xdata	138	0.2090247701	0	0.2
DFKI-svr-xdata	139	0.4375544572	0	0.4285714286
DFKI-svr-xdata	140	0.3303199194	0	0.0434782609
DFKI-svr-xdata	141	0.3089135408	0	0.431372549
DFKI-svr-xdata	142	0.3100891814	0	0.4615384615
DFKI-svr-xdata	143	0.1832582604	0	0.1351351351
DFKI-svr-xdata	144	0.348613161	0	0.5079365079
DFKI-svr-xdata	145	0.322467522	0	0.1538461538
DFKI-svr-xdata	146	0.3613771677	0	0.2
DFKI-svr-xdata	147	0.2269118383	0	0.2777777778
DFKI-svr-xdata	148	0.3549453407	0	0.1333333333
DFKI-svr-xdata	149	0.2219669278	0	0.1764705882
DFKI-svr-xdata	150	0.3121757407	0	0.3272727273
DFKI-svr-xdata	151	0.2399289993	0	0.0476190476
DFKI-svr-xdata	152	0.3779392518	0	0.6111111111
DFKI-svr-xdata	153	0.2830872553	0	0.4285714286
DFKI-svr-xdata	154	0.2520974067	0	0.1076923077
DFKI-svr-xdata	155	0.2508435637	0	0.3571428571
DFKI-svr-xdata	156	0.147986465	0	0
DFKI-svr-xdata	157	0.3332184864	0	0.1290322581
DFKI-svr-xdata	158	0.2866400138	0	0.3
DFKI-svr-xdata	159	0.311339127	0	0.3103448276
DFKI-svr-xdata	160	0.3133104256	0	0.1914893617
DFKI-svr-xdata	161	0.2720025202	0	0.65625
DFKI-svr-xdata	162	0.2694464096	0	0.1627906977
DFKI-svr-xdata	163	0.3208269182	0	0.4736842105
DFKI-svr-xdata	164	0.3165205637	0	0.5
DFKI-svr-xdata	165	0.4042285797	0	0.3125
DFKI-svr-xdata	166	0.3418586997	0	0.8
DFKI-svr-xdata	167	0.3807457323	0	0.3913043478
DFKI-svr-xdata	168	0.4821205229	0	0.2941176471
DFKI-svr-xdata	169	0.3780682903	0	0.1351351351
DFKI-svr-xdata	170	0.3428353551	0	0
DFKI-svr-xdata	171	0.3127411607	0	0.05
DFKI-svr-xdata	172	0.267789387	0	0.0714285714
DFKI-svr-xdata	173	0.3210763525	0	0.3529411765
DFKI-svr-xdata	174	0.3319980807	0	0.8
DFKI-svr-xdata	175	0.338509326	0	0.0857142857
DFKI-svr-xdata	176	0.4496511479	0	0.1176470588
DFKI-svr-xdata	177	0.2844395075	0	0.1111111111
DFKI-svr-xdata	178	0.2517598879	0	0.04
DFKI-svr-xdata	179	0.3791866894	0	0.2413793103
DFKI-svr-xdata	180	0.265143873	0	0.1463414634
DFKI-svr-xdata	181	0.2990853232	0	0.44
DFKI-svr-xdata	182	0.1485704777	0	0.125
DFKI-svr-xdata	183	0.4021566975	0	0.5625
DFKI-svr-xdata	184	0.1214095309	0	0.09375
DFKI-svr-xdata	185	0.4416521009	0	0.1612903226
DFKI-svr-xdata	186	0.270249796	0	0.1666666667
DFKI-svr-xdata	187	0.2926653449	0	0.3846153846
DFKI-svr-xdata	188	0.4070257552	0	0.2307692308
DFKI-svr-xdata	189	0.2717867944	0	0.1111111111
DFKI-svr-xdata	190	0.2944276506	0	0.35
DFKI-svr-xdata	191	0.2065522166	0	0.1041666667
DFKI-svr-xdata	192	0.1576219978	0	0.1666666667
DFKI-svr-xdata	193	0.3106928334	0	0.1176470588
DFKI-svr-xdata	194	0.2230596503	0	0.1818181818
DFKI-svr-xdata	195	0.2517486486	0	0.1111111111
DFKI-svr-xdata	196	0.3831990768	0	0.0833333333
DFKI-svr-xdata	197	0.2724289696	0	0.6
DFKI-svr-xdata	198	0.3436447067	0	0.1176470588
DFKI-svr-xdata	199	0.2290536565	0	0.0714285714
DFKI-svr-xdata	200	0.430253194	0	0.5333333333
DFKI-svr-xdata	201	0.3063019814	0	0.25
DFKI-svr-xdata	202	0.4513534032	0	0.8
DFKI-svr-xdata	203	0.3195456381	0	0.0930232558
DFKI-svr-xdata	204	0.2089151582	0	0.1379310345
DFKI-svr-xdata	205	0.2807882719	0	0.2068965517
DFKI-svr-xdata	206	0.4978132954	0	0.2307692308
DFKI-svr-xdata	207	0.3760172872	0	0.68
DFKI-svr-xdata	208	0.2655727778	0	0.1276595745
FBK-UPV-UEDIN-wp	1	0.1809754792	0	0.0476190476
FBK-UPV-UEDIN-wp	2	0.2499187132	0	0.0555555556
FBK-UPV-UEDIN-wp	3	0.3075624826	0	0.5
FBK-UPV-UEDIN-wp	4	0.5503246871	0	0.2
FBK-UPV-UEDIN-wp	5	0.2382651242	0	0.2666666667
FBK-UPV-UEDIN-wp	6	0.3136136371	0	0.125
FBK-UPV-UEDIN-wp	7	0.4006242845	0	0.2765957447
FBK-UPV-UEDIN-wp	8	0.3784984698	0	0.40625
FBK-UPV-UEDIN-wp	9	0.32787774	0	0.5
FBK-UPV-UEDIN-wp	10	0.2922662006	0	0.1612903226
FBK-UPV-UEDIN-wp	11	0.3446812989	0	0.1666666667
FBK-UPV-UEDIN-wp	12	0.1335055518	0	0.1379310345
FBK-UPV-UEDIN-wp	13	0.4270307261	0	0.375
FBK-UPV-UEDIN-wp	14	0.3281125092	0	0.4285714286
FBK-UPV-UEDIN-wp	15	0.1974662825	0	0.1851851852
FBK-UPV-UEDIN-wp	16	0.3174358153	0	0.3846153846
FBK-UPV-UEDIN-wp	17	0.3314751121	0	0.5882352941
FBK-UPV-UEDIN-wp	18	0.166152509	0	0.0555555556
FBK-UPV-UEDIN-wp	19	0.1518329473	0	0
FBK-UPV-UEDIN-wp	20	0.2575769646	0	0.1891891892
FBK-UPV-UEDIN-wp	21	0.3739250093	0	0.2413793103
FBK-UPV-UEDIN-wp	22	0.3390166454	0	0.1666666667
FBK-UPV-UEDIN-wp	23	0.1316818475	0	0.2222222222
FBK-UPV-UEDIN-wp	24	0.1778050155	0	0.0625
FBK-UPV-UEDIN-wp	25	0.4834462052	0	0.6315789474
FBK-UPV-UEDIN-wp	26	0.2148327995	0	0.2
FBK-UPV-UEDIN-wp	27	0.3644547335	0	0.4848484848
FBK-UPV-UEDIN-wp	28	0.2737954813	0	0.1428571429
FBK-UPV-UEDIN-wp	29	0.2851019395	0	0.2857142857
FBK-UPV-UEDIN-wp	30	0.3101666607	0	0.3103448276
FBK-UPV-UEDIN-wp	31	0.3483585601	0	0.3333333333
FBK-UPV-UEDIN-wp	32	0.2836599673	0	0.3333333333
FBK-UPV-UEDIN-wp	33	0.2778563291	0	0.2857142857
FBK-UPV-UEDIN-wp	34	0.1875449733	0	0.1363636364
FBK-UPV-UEDIN-wp	35	0.2113078584	0	0.1363636364
FBK-UPV-UEDIN-wp	36	0.2307106542	0	0.0322580645
FBK-UPV-UEDIN-wp	37	0.433968726	0	0.2727272727
FBK-UPV-UEDIN-wp	38	0.1785174266	0	0.1052631579
FBK-UPV-UEDIN-wp	39	0.461354186	0	0.2142857143
FBK-UPV-UEDIN-wp	40	0.3883891193	0	0.4
FBK-UPV-UEDIN-wp	41	0.2480283338	0	0.2
FBK-UPV-UEDIN-wp	42	0.1594469194	0	0
FBK-UPV-UEDIN-wp	43	0.421957039	0	0.4545454545
FBK-UPV-UEDIN-wp	44	0.5871369012	0	0
FBK-UPV-UEDIN-wp	45	0.3787512745	0	0.4545454545
FBK-UPV-UEDIN-wp	46	0.2480102236	0	0.16
FBK-UPV-UEDIN-wp	47	0.5340692221	0	0.6666666667
FBK-UPV-UEDIN-wp	48	0.1716281448	0	0.04
FBK-UPV-UEDIN-wp	49	0.4507011045	0	0.72
FBK-UPV-UEDIN-wp	50	0.2285639752	0	0.2222222222
FBK-UPV-UEDIN-wp	51	0.3100701225	0	0.0769230769
FBK-UPV-UEDIN-wp	52	0.2675426545	0	0.2
FBK-UPV-UEDIN-wp	53	0.2761622822	0	0.2
FBK-UPV-UEDIN-wp	54	0.3186074608	0	0.7777777778
FBK-UPV-UEDIN-wp	55	0.158579728	0	0
FBK-UPV-UEDIN-wp	56	0.2063430417	0	0.2
FBK-UPV-UEDIN-wp	57	0.1423020154	0	0.0714285714
FBK-UPV-UEDIN-wp	58	0.3051575814	0	0.2
FBK-UPV-UEDIN-wp	59	0.363638766	0	0.4516129032
FBK-UPV-UEDIN-wp	60	0.2835903373	0	0.2592592593
FBK-UPV-UEDIN-wp	61	0.3468007798	0	0.5454545455
FBK-UPV-UEDIN-wp	62	0.3806635394	0	0.2894736842
FBK-UPV-UEDIN-wp	63	0.2783270425	0	0.3571428571
FBK-UPV-UEDIN-wp	64	0.2934784051	0	0.2173913043
FBK-UPV-UEDIN-wp	65	0.2035757993	0	0.1578947368
FBK-UPV-UEDIN-wp	66	0.2136067606	0	0.2105263158
FBK-UPV-UEDIN-wp	67	0.3344948664	0	0.5357142857
FBK-UPV-UEDIN-wp	68	0.4965600473	0	0.8181818182
FBK-UPV-UEDIN-wp	69	0.3388680907	0	0.3333333333
FBK-UPV-UEDIN-wp	70	0.3577374726	0	0.2916666667
FBK-UPV-UEDIN-wp	71	0.2842042201	0	0.0740740741
FBK-UPV-UEDIN-wp	72	0.2457788181	0	0.3137254902
FBK-UPV-UEDIN-wp	73	0.1865586645	0	0.2727272727
FBK-UPV-UEDIN-wp	74	0.2747600817	0	0.3703703704
FBK-UPV-UEDIN-wp	75	0.2338391593	0	0.2
FBK-UPV-UEDIN-wp	76	0.3867689082	0	0.625
FBK-UPV-UEDIN-wp	77	0.2547397843	0	0.2
FBK-UPV-UEDIN-wp	78	0.2491321099	0	0.5555555556
FBK-UPV-UEDIN-wp	79	0.3033499676	0	0.2564102564
FBK-UPV-UEDIN-wp	80	0.2976296501	0	0.2
FBK-UPV-UEDIN-wp	81	0.2380021062	0	0.1071428571
FBK-UPV-UEDIN-wp	82	0.1431049641	0	0.0952380952
FBK-UPV-UEDIN-wp	83	0.3028807062	0	0.6428571429
FBK-UPV-UEDIN-wp	84	0.1408269596	0	0.1515151515
FBK-UPV-UEDIN-wp	85	0.2569501945	0	0.1764705882
FBK-UPV-UEDIN-wp	86	0.3845991583	0	0.25
FBK-UPV-UEDIN-wp	87	0.4663788233	0	0.4444444444
FBK-UPV-UEDIN-wp	88	0.3032564398	0	0.1428571429
FBK-UPV-UEDIN-wp	89	0.2374516699	0	0.1162790698
FBK-UPV-UEDIN-wp	90	0.2662580192	0	0.0555555556
FBK-UPV-UEDIN-wp	91	0.3764476533	0	0.7435897436
FBK-UPV-UEDIN-wp	92	0.2891272367	0	0.1428571429
FBK-UPV-UEDIN-wp	93	0.2172577604	0	0.1428571429
FBK-UPV-UEDIN-wp	94	0.3045885101	0	0.3333333333
FBK-UPV-UEDIN-wp	95	0.1609106156	0	0.0408163265
FBK-UPV-UEDIN-wp	96	0.3585933945	0	0.1071428571
FBK-UPV-UEDIN-wp	97	0.5623411642	0	0.4
FBK-UPV-UEDIN-wp	98	0.1500974932	0	0.0769230769
FBK-UPV-UEDIN-wp	99	0.1375439889	0	0.0615384615
FBK-UPV-UEDIN-wp	100	0.1310339906	0	0.1627906977
FBK-UPV-UEDIN-wp	101	0.279483385	0	0.3529411765
FBK-UPV-UEDIN-wp	102	0.3143559321	0	0.2941176471
FBK-UPV-UEDIN-wp	103	0.2411861397	0	0.2
FBK-UPV-UEDIN-wp	104	0.2691562922	0	0.2
FBK-UPV-UEDIN-wp	105	0.3025131222	0	0.1785714286
FBK-UPV-UEDIN-wp	106	0.2873869797	0	0.3703703704
FBK-UPV-UEDIN-wp	107	0.2995786898	0	0.303030303
FBK-UPV-UEDIN-wp	108	0.3806909269	0	0.75
FBK-UPV-UEDIN-wp	109	0.2254706258	0	0.1071428571
FBK-UPV-UEDIN-wp	110	0.2437780186	0	0.3
FBK-UPV-UEDIN-wp	111	0.1809466652	0	0.25
FBK-UPV-UEDIN-wp	112	0.2978336985	0	0.375
FBK-UPV-UEDIN-wp	113	0.247670217	0	0.1923076923
FBK-UPV-UEDIN-wp	114	0.3483394497	0	0.3333333333
FBK-UPV-UEDIN-wp	115	0.1828360199	0	0.1538461538
FBK-UPV-UEDIN-wp	116	0.331275689	0	0.4
FBK-UPV-UEDIN-wp	117	0.468254994	0	0.5
FBK-UPV-UEDIN-wp	118	0.2429506715	0	0
FBK-UPV-UEDIN-wp	119	0.4291853016	0	1
FBK-UPV-UEDIN-wp	120	0.1416654502	0	0.1111111111
FBK-UPV-UEDIN-wp	121	0.2444985973	0	0.2272727273
FBK-UPV-UEDIN-wp	122	0.3234342659	0	0.1428571429
FBK-UPV-UEDIN-wp	123	0.3896576939	0	0.5714285714
FBK-UPV-UEDIN-wp	124	0.2713865975	0	0.1612903226
FBK-UPV-UEDIN-wp	125	0.1916169415	0	0
FBK-UPV-UEDIN-wp	126	0.1778168049	0	0.0975609756
FBK-UPV-UEDIN-wp	127	0.249162368	0	0.4444444444
FBK-UPV-UEDIN-wp	128	0.312839726	0	0.1875
FBK-UPV-UEDIN-wp	129	0.2191515267	0	0.0769230769
FBK-UPV-UEDIN-wp	130	0.2730212705	0	0.4166666667
FBK-UPV-UEDIN-wp	131	0.3038207562	0	0
FBK-UPV-UEDIN-wp	132	0.3263204009	0	0.1578947368
FBK-UPV-UEDIN-wp	133	0.3439768066	0	0.25
FBK-UPV-UEDIN-wp	134	0.3771202105	0	0.5714285714
FBK-UPV-UEDIN-wp	135	0.1894535144	0	0.1875
FBK-UPV-UEDIN-wp	136	0.3151092393	0	0.1578947368
FBK-UPV-UEDIN-wp	137	0.1819938709	0	0.0888888889
FBK-UPV-UEDIN-wp	138	0.1881971097	0	0.2
FBK-UPV-UEDIN-wp	139	0.3623271731	0	0.4285714286
FBK-UPV-UEDIN-wp	140	0.2513061659	0	0.0434782609
FBK-UPV-UEDIN-wp	141	0.2688966386	0	0.431372549
FBK-UPV-UEDIN-wp	142	0.3467988625	0	0.4615384615
FBK-UPV-UEDIN-wp	143	0.1783869868	0	0.1351351351
FBK-UPV-UEDIN-wp	144	0.348790137	0	0.5079365079
FBK-UPV-UEDIN-wp	145	0.43929315	0	0.1538461538
FBK-UPV-UEDIN-wp	146	0.4206909324	0	0.2
FBK-UPV-UEDIN-wp	147	0.300605698	0	0.2777777778
FBK-UPV-UEDIN-wp	148	0.1583334598	0	0.1333333333
FBK-UPV-UEDIN-wp	149	0.2331520142	0	0.1764705882
FBK-UPV-UEDIN-wp	150	0.3588519541	0	0.3272727273
FBK-UPV-UEDIN-wp	151	0.1331751951	0	0.0476190476
FBK-UPV-UEDIN-wp	152	0.3168613921	0	0.6111111111
FBK-UPV-UEDIN-wp	153	0.2543761306	0	0.4285714286
FBK-UPV-UEDIN-wp	154	0.2603822647	0	0.1076923077
FBK-UPV-UEDIN-wp	155	0.1992027486	0	0.3571428571
FBK-UPV-UEDIN-wp	156	0.2531716675	0	0
FBK-UPV-UEDIN-wp	157	0.1864865445	0	0.1290322581
FBK-UPV-UEDIN-wp	158	0.3530692046	0	0.3
FBK-UPV-UEDIN-wp	159	0.312122258	0	0.3103448276
FBK-UPV-UEDIN-wp	160	0.1584734704	0	0.1914893617
FBK-UPV-UEDIN-wp	161	0.3819671085	0	0.65625
FBK-UPV-UEDIN-wp	162	0.1417330799	0	0.1627906977
FBK-UPV-UEDIN-wp	163	0.2829111441	0	0.4736842105
FBK-UPV-UEDIN-wp	164	0.2264562817	0	0.5
FBK-UPV-UEDIN-wp	165	0.3779682978	0	0.3125
FBK-UPV-UEDIN-wp	166	0.5133346124	0	0.8
FBK-UPV-UEDIN-wp	167	0.2375336256	0	0.3913043478
FBK-UPV-UEDIN-wp	168	0.3813881666	0	0.2941176471
FBK-UPV-UEDIN-wp	169	0.1969072024	0	0.1351351351
FBK-UPV-UEDIN-wp	170	0.2926567302	0	0
FBK-UPV-UEDIN-wp	171	0.3684300831	0	0.05
FBK-UPV-UEDIN-wp	172	0.2262007639	0	0.0714285714
FBK-UPV-UEDIN-wp	173	0.3383862886	0	0.3529411765
FBK-UPV-UEDIN-wp	174	0.4365630979	0	0.8
FBK-UPV-UEDIN-wp	175	0.2904749864	0	0.0857142857
FBK-UPV-UEDIN-wp	176	0.369262972	0	0.1176470588
FBK-UPV-UEDIN-wp	177	0.4560572303	0	0.1111111111
FBK-UPV-UEDIN-wp	178	0.1614620079	0	0.04
FBK-UPV-UEDIN-wp	179	0.3278257456	0	0.2413793103
FBK-UPV-UEDIN-wp	180	0.1463332872	0	0.1463414634
FBK-UPV-UEDIN-wp	181	0.1733765758	0	0.44
FBK-UPV-UEDIN-wp	182	0.1519142656	0	0.125
FBK-UPV-UEDIN-wp	183	0.2800719334	0	0.5625
FBK-UPV-UEDIN-wp	184	0.1926120382	0	0.09375
FBK-UPV-UEDIN-wp	185	0.2154583892	0	0.1612903226
FBK-UPV-UEDIN-wp	186	0.1618811885	0	0.1666666667
FBK-UPV-UEDIN-wp	187	0.324308495	0	0.3846153846
FBK-UPV-UEDIN-wp	188	0.3500996087	0	0.2307692308
FBK-UPV-UEDIN-wp	189	0.1954514567	0	0.1111111111
FBK-UPV-UEDIN-wp	190	0.288972649	0	0.35
FBK-UPV-UEDIN-wp	191	0.1993148387	0	0.1041666667
FBK-UPV-UEDIN-wp	192	0.2512673331	0	0.1666666667
FBK-UPV-UEDIN-wp	193	0.3623641289	0	0.1176470588
FBK-UPV-UEDIN-wp	194	0.2723074505	0	0.1818181818
FBK-UPV-UEDIN-wp	195	0.2174887154	0	0.1111111111
FBK-UPV-UEDIN-wp	196	0.1608479532	0	0.0833333333
FBK-UPV-UEDIN-wp	197	0.3588566081	0	0.6
FBK-UPV-UEDIN-wp	198	0.1587834217	0	0.1176470588
FBK-UPV-UEDIN-wp	199	0.2744890726	0	0.0714285714
FBK-UPV-UEDIN-wp	200	0.3594580383	0	0.5333333333
FBK-UPV-UEDIN-wp	201	0.2341178594	0	0.25
FBK-UPV-UEDIN-wp	202	0.3553465822	0	0.8
FBK-UPV-UEDIN-wp	203	0.3223997458	0	0.0930232558
FBK-UPV-UEDIN-wp	204	0.1819131276	0	0.1379310345
FBK-UPV-UEDIN-wp	205	0.2416175273	0	0.2068965517
FBK-UPV-UEDIN-wp	206	0.5925493347	0	0.2307692308
FBK-UPV-UEDIN-wp	207	0.3979076364	0	0.68
FBK-UPV-UEDIN-wp	208	0.2470265375	0	0.1276595745
DCU-rtm-svr	1	0.0560616028	2	0.0476190476
DCU-rtm-svr	2	0.274628304	96	0.0555555556
DCU-rtm-svr	3	0.2812889894	105	0.5
DCU-rtm-svr	4	0.5436130088	203	0.2
DCU-rtm-svr	5	0.3906660917	172	0.2666666667
DCU-rtm-svr	6	0.2832699029	106	0.125
DCU-rtm-svr	7	0.4654150251	189	0.2765957447
DCU-rtm-svr	8	0.4911821846	193	0.40625
DCU-rtm-svr	9	0.5824959142	206	0.5
DCU-rtm-svr	10	0.2684730539	91	0.1612903226
DCU-rtm-svr	11	0.2098358952	40	0.1666666667
DCU-rtm-svr	12	0.2683454797	90	0.1379310345
DCU-rtm-svr	13	0.292486623	116	0.375
DCU-rtm-svr	14	0.3375653631	146	0.4285714286
DCU-rtm-svr	15	0.1582100997	20	0.1851851852
DCU-rtm-svr	16	0.3376067205	147	0.3846153846
DCU-rtm-svr	17	0.4001653643	176	0.5882352941
DCU-rtm-svr	18	0.1858908788	29	0.0555555556
DCU-rtm-svr	19	0.1313717006	10	0
DCU-rtm-svr	20	0.1685318574	22	0.1891891892
DCU-rtm-svr	21	0.3502902537	159	0.2413793103
DCU-rtm-svr	22	0.5248284502	198	0.1666666667
DCU-rtm-svr	23	0.2086695821	38	0.2222222222
DCU-rtm-svr	24	0.2115606887	42	0.0625
DCU-rtm-svr	25	0.6279857561	207	0.6315789474
DCU-rtm-svr	26	0.235920263	68	0.2
DCU-rtm-svr	27	0.291495629	114	0.4848484848
DCU-rtm-svr	28	0.2655201032	87	0.1428571429
DCU-rtm-svr	29	0.3153796856	134	0.2857142857
DCU-rtm-svr	30	0.2935622714	117	0.3103448276
DCU-rtm-svr	31	0.3428100145	154	0.3333333333
DCU-rtm-svr	32	0.4041204718	178	0.3333333333
DCU-rtm-svr	33	0.4575903522	186	0.2857142857
DCU-rtm-svr	34	0.3846104037	170	0.1363636364
DCU-rtm-svr	35	0.2922269542	115	0.1363636364
DCU-rtm-svr	36	0.2121447836	45	0.0322580645
DCU-rtm-svr	37	0.2623005021	85	0.2727272727
DCU-rtm-svr	38	0.0373093468	1	0.1052631579
DCU-rtm-svr	39	0.4270547461	184	0.2142857143
DCU-rtm-svr	40	0.3355451199	145	0.4
DCU-rtm-svr	41	0.2195272495	49	0.2
DCU-rtm-svr	42	0.2075925968	37	0
DCU-rtm-svr	43	0.4592719462	187	0.4545454545
DCU-rtm-svr	44	0.2154751183	46	0
DCU-rtm-svr	45	0.2691566479	92	0.4545454545
DCU-rtm-svr	46	0.2119729433	44	0.16
DCU-rtm-svr	47	0.4795330487	192	0.6666666667
DCU-rtm-svr	48	0.1386718184	13	0.04
DCU-rtm-svr	49	0.5589582652	204	0.72
DCU-rtm-svr	50	0.2649353065	86	0.2222222222
DCU-rtm-svr	51	0.351232723	161	0.0769230769
DCU-rtm-svr	52	0.1731814152	23	0.2
DCU-rtm-svr	53	0.2292373418	61	0.2
DCU-rtm-svr	54	0.4226016513	182	0.7777777778
DCU-rtm-svr	55	0.2090901677	39	0
DCU-rtm-svr	56	0.1016408527	7	0.2
DCU-rtm-svr	57	0.1429432768	14	0.0714285714
DCU-rtm-svr	58	0.1377158443	12	0.2
DCU-rtm-svr	59	0.2984575152	118	0.4516129032
DCU-rtm-svr	60	0.1941827304	34	0.2592592593
DCU-rtm-svr	61	0.3591671564	162	0.5454545455
DCU-rtm-svr	62	0.4997941497	195	0.2894736842
DCU-rtm-svr	63	0.1512532961	17	0.3571428571
DCU-rtm-svr	64	0.2439069878	75	0.2173913043
DCU-rtm-svr	65	0.3226582372	138	0.1578947368
DCU-rtm-svr	66	0.2744195919	95	0.2105263158
DCU-rtm-svr	67	0.2773841737	98	0.5357142857
DCU-rtm-svr	68	0.6807447862	208	0.8181818182
DCU-rtm-svr	69	0.2611818033	84	0.3333333333
DCU-rtm-svr	70	0.302426183	123	0.2916666667
DCU-rtm-svr	71	0.1775152465	26	0.0740740741
DCU-rtm-svr	72	0.2225856501	51	0.3137254902
DCU-rtm-svr	73	0.3067993091	129	0.2727272727
DCU-rtm-svr	74	0.3921568763	174	0.3703703704
DCU-rtm-svr	75	0.1932370528	32	0.2
DCU-rtm-svr	76	0.3010780998	120	0.625
DCU-rtm-svr	77	0.2416096294	72	0.2
DCU-rtm-svr	78	0.2248417585	53	0.5555555556
DCU-rtm-svr	79	0.2841177855	109	0.2564102564
DCU-rtm-svr	80	0.2864730271	110	0.2
DCU-rtm-svr	81	0.3343167572	144	0.1071428571
DCU-rtm-svr	82	0.1339181934	11	0.0952380952
DCU-rtm-svr	83	0.3607908364	163	0.6428571429
DCU-rtm-svr	84	0.266927981	89	0.1515151515
DCU-rtm-svr	85	0.3289437216	140	0.1764705882
DCU-rtm-svr	86	0.3400756041	150	0.25
DCU-rtm-svr	87	0.5290046263	199	0.4444444444
DCU-rtm-svr	88	0.2406365265	71	0.1428571429
DCU-rtm-svr	89	0.2275496491	58	0.1162790698
DCU-rtm-svr	90	0.2834998157	107	0.0555555556
DCU-rtm-svr	91	0.4266945921	183	0.7435897436
DCU-rtm-svr	92	0.2156413361	47	0.1428571429
DCU-rtm-svr	93	0.227357438	57	0.1428571429
DCU-rtm-svr	94	0.3899595381	171	0.3333333333
DCU-rtm-svr	95	0.1534494021	18	0.0408163265
DCU-rtm-svr	96	0.3720874876	166	0.1071428571
DCU-rtm-svr	97	0.5592649533	205	0.4
DCU-rtm-svr	98	0.3509629943	160	0.0769230769
DCU-rtm-svr	99	0.1740034921	24	0.0615384615
DCU-rtm-svr	100	0.0938512356	6	0.1627906977
DCU-rtm-svr	101	0.2108068021	41	0.3529411765
DCU-rtm-svr	102	0.3023203704	122	0.2941176471
DCU-rtm-svr	103	0.2722511867	93	0.2
DCU-rtm-svr	104	0.3054103648	127	0.2
DCU-rtm-svr	105	0.2778679861	99	0.1785714286
DCU-rtm-svr	106	0.2728779035	94	0.3703703704
DCU-rtm-svr	107	0.2910754677	113	0.303030303
DCU-rtm-svr	108	0.4277010273	185	0.75
DCU-rtm-svr	109	0.319044641	136	0.1071428571
DCU-rtm-svr	110	0.2430904222	74	0.3
DCU-rtm-svr	111	0.2807178314	103	0.25
DCU-rtm-svr	112	0.2291573415	60	0.375
DCU-rtm-svr	113	0.2403856634	70	0.1923076923
DCU-rtm-svr	114	0.1552145463	19	0.3333333333
DCU-rtm-svr	115	0.2839033091	108	0.1538461538
DCU-rtm-svr	116	0.5003193851	196	0.4
DCU-rtm-svr	117	0.4924327262	194	0.5
DCU-rtm-svr	118	0.2118146951	43	0
DCU-rtm-svr	119	0.5048565758	197	1
DCU-rtm-svr	120	0.2417762094	73	0.1111111111
DCU-rtm-svr	121	0.3050468058	126	0.2272727273
DCU-rtm-svr	122	0.3106947929	130	0.1428571429
DCU-rtm-svr	123	0.2317976362	63	0.5714285714
DCU-rtm-svr	124	0.2577650108	80	0.1612903226
DCU-rtm-svr	125	0.1988162505	36	0
DCU-rtm-svr	126	0.0931274533	5	0.0975609756
DCU-rtm-svr	127	0.2810517083	104	0.4444444444
DCU-rtm-svr	128	0.361882769	164	0.1875
DCU-rtm-svr	129	0.1124268039	9	0.0769230769
DCU-rtm-svr	130	0.3418242448	153	0.4166666667
DCU-rtm-svr	131	0.1807023581	28	0
DCU-rtm-svr	132	0.3909899528	173	0.1578947368
DCU-rtm-svr	133	0.2264106613	56	0.25
DCU-rtm-svr	134	0.4160209274	181	0.5714285714
DCU-rtm-svr	135	0.2285350915	59	0.1875
DCU-rtm-svr	136	0.409616921	180	0.1578947368
DCU-rtm-svr	137	0.1752039452	25	0.0888888889
DCU-rtm-svr	138	0.2666483264	88	0.2
DCU-rtm-svr	139	0.5296932036	200	0.4285714286
DCU-rtm-svr	140	0.3386546278	148	0.0434782609
DCU-rtm-svr	141	0.3030070698	124	0.431372549
DCU-rtm-svr	142	0.3960868637	175	0.4615384615
DCU-rtm-svr	143	0.1938727566	33	0.1351351351
DCU-rtm-svr	144	0.2200860721	50	0.5079365079
DCU-rtm-svr	145	0.3039275147	125	0.1538461538
DCU-rtm-svr	146	0.3471575813	157	0.2
DCU-rtm-svr	147	0.2897214519	112	0.2777777778
DCU-rtm-svr	148	0.2806775134	102	0.1333333333
DCU-rtm-svr	149	0.2387496256	69	0.1764705882
DCU-rtm-svr	150	0.346089171	156	0.3272727273
DCU-rtm-svr	151	0.1799440751	27	0.0476190476
DCU-rtm-svr	152	0.2761810765	97	0.6111111111
DCU-rtm-svr	153	0.3257827365	139	0.4285714286
DCU-rtm-svr	154	0.2501567519	78	0.1076923077
DCU-rtm-svr	155	0.3151279356	133	0.3571428571
DCU-rtm-svr	156	0.2248979592	54	0
DCU-rtm-svr	157	0.3064316597	128	0.1290322581
DCU-rtm-svr	158	0.4725953142	191	0.3
DCU-rtm-svr	159	0.3171079861	135	0.3103448276
DCU-rtm-svr	160	0.198742108	35	0.1914893617
DCU-rtm-svr	161	0.3310700609	142	0.65625
DCU-rtm-svr	162	0.2591796923	82	0.1627906977
DCU-rtm-svr	163	0.3222731472	137	0.4736842105
DCU-rtm-svr	164	0.2189562961	48	0.5
DCU-rtm-svr	165	0.3490642282	158	0.3125
DCU-rtm-svr	166	0.3143295442	131	0.8
DCU-rtm-svr	167	0.314366459	132	0.3913043478
DCU-rtm-svr	168	0.3749917699	168	0.2941176471
DCU-rtm-svr	169	0.2252661498	55	0.1351351351
DCU-rtm-svr	170	0.3440219424	155	0
DCU-rtm-svr	171	0.3333571332	143	0.05
DCU-rtm-svr	172	0.2352871808	67	0.0714285714
DCU-rtm-svr	173	0.40157492	177	0.3529411765
DCU-rtm-svr	174	0.4712441277	190	0.8
DCU-rtm-svr	175	0.1921454493	31	0.0857142857
DCU-rtm-svr	176	0.3825139253	169	0.1176470588
DCU-rtm-svr	177	0.231816059	64	0.1111111111
DCU-rtm-svr	178	0.0912267695	4	0.04
DCU-rtm-svr	179	0.3403020181	151	0.2413793103
DCU-rtm-svr	180	0.2896583938	111	0.1463414634
DCU-rtm-svr	181	0.1668880953	21	0.44
DCU-rtm-svr	182	0.1442082393	15	0.125
DCU-rtm-svr	183	0.4063323638	179	0.5625
DCU-rtm-svr	184	0.0705201919	3	0.09375
DCU-rtm-svr	185	0.3643049539	165	0.1612903226
DCU-rtm-svr	186	0.233256529	65	0.1666666667
DCU-rtm-svr	187	0.2485396316	77	0.3846153846
DCU-rtm-svr	188	0.3395665113	149	0.2307692308
DCU-rtm-svr	189	0.1895814493	30	0.1111111111
DCU-rtm-svr	190	0.3722363578	167	0.35
DCU-rtm-svr	191	0.1465202426	16	0.1041666667
DCU-rtm-svr	192	0.2244548597	52	0.1666666667
DCU-rtm-svr	193	0.3022250932	121	0.1176470588
DCU-rtm-svr	194	0.2341145383	66	0.1818181818
DCU-rtm-svr	195	0.2511984609	79	0.1111111111
DCU-rtm-svr	196	0.3412846625	152	0.0833333333
DCU-rtm-svr	197	0.2312995746	62	0.6
DCU-rtm-svr	198	0.2605806657	83	0.1176470588
DCU-rtm-svr	199	0.2590880155	81	0.0714285714
DCU-rtm-svr	200	0.4624577944	188	0.5333333333
DCU-rtm-svr	201	0.3008020322	119	0.25
DCU-rtm-svr	202	0.5299429054	201	0.8
DCU-rtm-svr	203	0.2781562545	100	0.0930232558
DCU-rtm-svr	204	0.1070004938	8	0.1379310345
DCU-rtm-svr	205	0.2782601772	101	0.2068965517
DCU-rtm-svr	206	0.5370647274	202	0.2307692308
DCU-rtm-svr	207	0.3297708202	141	0.68
DCU-rtm-svr	208	0.2451071037	76	0.1276595745
USHEFF	1	0.20988	51	0.0476190476
USHEFF	2	0.16147	15	0.0555555556
USHEFF	3	0.2919	113	0.5
USHEFF	4	0.55672	206	0.2
USHEFF	5	0.32759	152	0.2666666667
USHEFF	6	0.18239	37	0.125
USHEFF	7	0.37661	185	0.2765957447
USHEFF	8	0.32608	151	0.40625
USHEFF	9	0.2939	118	0.5
USHEFF	10	0.26248	98	0.1612903226
USHEFF	11	0.39303	190	0.1666666667
USHEFF	12	0.23534	70	0.1379310345
USHEFF	13	0.38307	189	0.375
USHEFF	14	0.26955	101	0.4285714286
USHEFF	15	0.17802	31	0.1851851852
USHEFF	16	0.29871	124	0.3846153846
USHEFF	17	0.34729	165	0.5882352941
USHEFF	18	0.23603	72	0.0555555556
USHEFF	19	0.11037	4	0
USHEFF	20	0.25036	87	0.1891891892
USHEFF	21	0.25581	91	0.2413793103
USHEFF	22	0.31653	141	0.1666666667
USHEFF	23	0.17938	32	0.2222222222
USHEFF	24	0.13158	8	0.0625
USHEFF	25	0.45163	199	0.6315789474
USHEFF	26	0.25646	92	0.2
USHEFF	27	0.24625	82	0.4848484848
USHEFF	28	0.26211	97	0.1428571429
USHEFF	29	0.30409	131	0.2857142857
USHEFF	30	0.28008	108	0.3103448276
USHEFF	31	0.40501	193	0.3333333333
USHEFF	32	0.34922	166	0.3333333333
USHEFF	33	0.15412	11	0.2857142857
USHEFF	34	0.24452	78	0.1363636364
USHEFF	35	0.2268	63	0.1363636364
USHEFF	36	0.2482	84	0.0322580645
USHEFF	37	0.32571	150	0.2727272727
USHEFF	38	0.19213	39	0.1052631579
USHEFF	39	0.3761	184	0.2142857143
USHEFF	40	0.3047	132	0.4
USHEFF	41	0.18184	33	0.2
USHEFF	42	0.2143	54	0
USHEFF	43	0.53768	204	0.4545454545
USHEFF	44	0.46677	201	0
USHEFF	45	0.50406	203	0.4545454545
USHEFF	46	0.29441	119	0.16
USHEFF	47	0.61875	208	0.6666666667
USHEFF	48	0.16991	22	0.04
USHEFF	49	0.5752	207	0.72
USHEFF	50	0.22161	58	0.2222222222
USHEFF	51	0.37894	186	0.0769230769
USHEFF	52	0.3036	129	0.2
USHEFF	53	0.2297	66	0.2
USHEFF	54	0.21656	56	0.7777777778
USHEFF	55	0.1634	16	0
USHEFF	56	0.22831	64	0.2
USHEFF	57	0.17258	28	0.0714285714
USHEFF	58	0.30518	135	0.2
USHEFF	59	0.31226	138	0.4516129032
USHEFF	60	0.31482	140	0.2592592593
USHEFF	61	0.3645	176	0.5454545455
USHEFF	62	0.321	144	0.2894736842
USHEFF	63	0.2037	48	0.3571428571
USHEFF	64	0.36029	173	0.2173913043
USHEFF	65	0.32437	148	0.1578947368
USHEFF	66	0.24814	83	0.2105263158
USHEFF	67	0.43475	198	0.5357142857
USHEFF	68	0.41105	195	0.8181818182
USHEFF	69	0.22936	65	0.3333333333
USHEFF	70	0.33063	156	0.2916666667
USHEFF	71	0.19529	42	0.0740740741
USHEFF	72	0.19324	40	0.3137254902
USHEFF	73	0.16845	21	0.2727272727
USHEFF	74	0.29511	121	0.3703703704
USHEFF	75	0.23913	74	0.2
USHEFF	76	0.18203	34	0.625
USHEFF	77	0.2083	50	0.2
USHEFF	78	0.22144	57	0.5555555556
USHEFF	79	0.25048	88	0.2564102564
USHEFF	80	0.27677	106	0.2
USHEFF	81	0.22477	61	0.1071428571
USHEFF	82	0.16793	20	0.0952380952
USHEFF	83	0.19608	43	0.6428571429
USHEFF	84	0.23749	73	0.1515151515
USHEFF	85	0.27314	102	0.1764705882
USHEFF	86	0.36477	177	0.25
USHEFF	87	0.34577	163	0.4444444444
USHEFF	88	0.42393	196	0.1428571429
USHEFF	89	0.30545	136	0.1162790698
USHEFF	90	0.32426	147	0.0555555556
USHEFF	91	0.36054	174	0.7435897436
USHEFF	92	0.23217	67	0.1428571429
USHEFF	93	0.09376	2	0.1428571429
USHEFF	94	0.33775	160	0.3333333333
USHEFF	95	0.17235	27	0.0408163265
USHEFF	96	0.32789	153	0.1071428571
USHEFF	97	0.47564	202	0.4
USHEFF	98	0.26872	100	0.0769230769
USHEFF	99	0.0816	1	0.0615384615
USHEFF	100	0.17233	26	0.1627906977
USHEFF	101	0.27521	103	0.3529411765
USHEFF	102	0.27632	105	0.2941176471
USHEFF	103	0.35829	172	0.2
USHEFF	104	0.30498	133	0.2
USHEFF	105	0.23534	71	0.1785714286
USHEFF	106	0.27856	107	0.3703703704
USHEFF	107	0.2953	122	0.303030303
USHEFF	108	0.4242	197	0.75
USHEFF	109	0.25016	86	0.1071428571
USHEFF	110	0.30499	134	0.3
USHEFF	111	0.23492	69	0.25
USHEFF	112	0.2924	114	0.375
USHEFF	113	0.16768	19	0.1923076923
USHEFF	114	0.24576	81	0.3333333333
USHEFF	115	0.31023	137	0.1538461538
USHEFF	116	0.40284	192	0.4
USHEFF	117	0.54142	205	0.5
USHEFF	118	0.12919	6	0
USHEFF	119	0.38158	187	1
USHEFF	120	0.10993	3	0.1111111111
USHEFF	121	0.24477	79	0.2272727273
USHEFF	122	0.28973	110	0.1428571429
USHEFF	123	0.21238	53	0.5714285714
USHEFF	124	0.35653	170	0.1612903226
USHEFF	125	0.15053	10	0
USHEFF	126	0.30073	127	0.0975609756
USHEFF	127	0.26207	96	0.4444444444
USHEFF	128	0.34121	161	0.1875
USHEFF	129	0.17621	30	0.0769230769
USHEFF	130	0.24053	76	0.4166666667
USHEFF	131	0.233	68	0
USHEFF	132	0.34231	162	0.1578947368
USHEFF	133	0.35488	169	0.25
USHEFF	134	0.37398	183	0.5714285714
USHEFF	135	0.24042	75	0.1875
USHEFF	136	0.29579	123	0.1578947368
USHEFF	137	0.17199	24	0.0888888889
USHEFF	138	0.1737	29	0.2
USHEFF	139	0.35013	167	0.4285714286
USHEFF	140	0.29174	112	0.0434782609
USHEFF	141	0.26454	99	0.431372549
USHEFF	142	0.36798	179	0.4615384615
USHEFF	143	0.17007	23	0.1351351351
USHEFF	144	0.32224	146	0.5079365079
USHEFF	145	0.36163	175	0.1538461538
USHEFF	146	0.26168	94	0.2
USHEFF	147	0.26186	95	0.2777777778
USHEFF	148	0.19507	41	0.1333333333
USHEFF	149	0.29376	117	0.1764705882
USHEFF	150	0.3662	178	0.3272727273
USHEFF	151	0.22251	60	0.0476190476
USHEFF	152	0.20562	49	0.6111111111
USHEFF	153	0.11086	5	0.4285714286
USHEFF	154	0.15516	13	0.1076923077
USHEFF	155	0.22174	59	0.3571428571
USHEFF	156	0.25546	90	0
USHEFF	157	0.32149	145	0.1290322581
USHEFF	158	0.32929	155	0.3
USHEFF	159	0.24929	85	0.3103448276
USHEFF	160	0.19777	45	0.1914893617
USHEFF	161	0.3979	191	0.65625
USHEFF	162	0.18229	36	0.1627906977
USHEFF	163	0.15483	12	0.4736842105
USHEFF	164	0.27626	104	0.5
USHEFF	165	0.37037	180	0.3125
USHEFF	166	0.37191	182	0.8
USHEFF	167	0.34656	164	0.3913043478
USHEFF	168	0.30135	128	0.2941176471
USHEFF	169	0.18221	35	0.1351351351
USHEFF	170	0.41039	194	0
USHEFF	171	0.22629	62	0.05
USHEFF	172	0.20124	47	0.0714285714
USHEFF	173	0.35144	168	0.3529411765
USHEFF	174	0.29473	120	0.8
USHEFF	175	0.13179	9	0.0857142857
USHEFF	176	0.33289	157	0.1176470588
USHEFF	177	0.4549	200	0.1111111111
USHEFF	178	0.13153	7	0.04
USHEFF	179	0.29367	116	0.2413793103
USHEFF	180	0.15666	14	0.1463414634
USHEFF	181	0.33361	158	0.44
USHEFF	182	0.1984	46	0.125
USHEFF	183	0.35753	171	0.5625
USHEFF	184	0.16477	17	0.09375
USHEFF	185	0.32869	154	0.1612903226
USHEFF	186	0.32464	149	0.1666666667
USHEFF	187	0.30068	126	0.3846153846
USHEFF	188	0.31469	139	0.2307692308
USHEFF	189	0.28973	111	0.1111111111
USHEFF	190	0.28817	109	0.35
USHEFF	191	0.29298	115	0.1041666667
USHEFF	192	0.25054	89	0.1666666667
USHEFF	193	0.25662	93	0.1176470588
USHEFF	194	0.24551	80	0.1818181818
USHEFF	195	0.2442	77	0.1111111111
USHEFF	196	0.30408	130	0.0833333333
USHEFF	197	0.33382	159	0.6
USHEFF	198	0.16572	18	0.1176470588
USHEFF	199	0.19766	44	0.0714285714
USHEFF	200	0.31904	143	0.5333333333
USHEFF	201	0.1721	25	0.25
USHEFF	202	0.31785	142	0.8
USHEFF	203	0.29944	125	0.0930232558
USHEFF	204	0.18622	38	0.1379310345
USHEFF	205	0.2145	55	0.2068965517
USHEFF	206	0.38175	188	0.2307692308
USHEFF	207	0.37049	181	0.68
USHEFF	208	0.2104	52	0.1276595745
SHEFF-lite-sparse	162	0	1	0.1627906977
SHEFF-lite-sparse	133	0.0598337164	2	0.25
SHEFF-lite-sparse	24	0.0704871469	3	0.0625
SHEFF-lite-sparse	195	0.0875972791	4	0.1111111111
SHEFF-lite-sparse	204	0.0917733135	5	0.1379310345
SHEFF-lite-sparse	169	0.1002177153	6	0.1351351351
SHEFF-lite-sparse	156	0.1031014697	7	0
SHEFF-lite-sparse	153	0.1076856636	8	0.4285714286
SHEFF-lite-sparse	64	0.1291893224	9	0.2173913043
SHEFF-lite-sparse	198	0.1299508998	10	0.1176470588
SHEFF-lite-sparse	120	0.1309619472	11	0.1111111111
SHEFF-lite-sparse	84	0.1404418441	12	0.1515151515
SHEFF-lite-sparse	71	0.1439647367	13	0.0740740741
SHEFF-lite-sparse	41	0.1531030308	14	0.2
SHEFF-lite-sparse	80	0.1577855456	15	0.2
SHEFF-lite-sparse	37	0.1632015847	16	0.2727272727
SHEFF-lite-sparse	57	0.1683195854	17	0.0714285714
SHEFF-lite-sparse	63	0.1819410203	18	0.3571428571
SHEFF-lite-sparse	19	0.182711328	19	0
SHEFF-lite-sparse	23	0.1839967736	20	0.2222222222
SHEFF-lite-sparse	100	0.1859522907	21	0.1627906977
SHEFF-lite-sparse	95	0.1880947872	22	0.0408163265
SHEFF-lite-sparse	73	0.1909841177	23	0.2727272727
SHEFF-lite-sparse	39	0.1925770071	24	0.2142857143
SHEFF-lite-sparse	50	0.1962393208	25	0.2222222222
SHEFF-lite-sparse	99	0.1990488514	26	0.0615384615
SHEFF-lite-sparse	112	0.1997944712	27	0.375
SHEFF-lite-sparse	33	0.1998673684	28	0.2857142857
SHEFF-lite-sparse	143	0.2021163845	29	0.1351351351
SHEFF-lite-sparse	178	0.2034352222	30	0.04
SHEFF-lite-sparse	18	0.204400171	31	0.0555555556
SHEFF-lite-sparse	154	0.204830752	32	0.1076923077
SHEFF-lite-sparse	172	0.2067329054	33	0.0714285714
SHEFF-lite-sparse	1	0.2078500365	34	0.0476190476
SHEFF-lite-sparse	75	0.210922772	35	0.2
SHEFF-lite-sparse	118	0.2119428113	36	0
SHEFF-lite-sparse	81	0.2132873127	37	0.1071428571
SHEFF-lite-sparse	131	0.2133319241	38	0
SHEFF-lite-sparse	182	0.2166102091	39	0.125
SHEFF-lite-sparse	2	0.2186936082	40	0.0555555556
SHEFF-lite-sparse	197	0.2231985515	41	0.6
SHEFF-lite-sparse	189	0.2266291511	42	0.1111111111
SHEFF-lite-sparse	184	0.2266524212	43	0.09375
SHEFF-lite-sparse	122	0.230315782	44	0.1428571429
SHEFF-lite-sparse	129	0.2339890258	45	0.0769230769
SHEFF-lite-sparse	168	0.2347328723	46	0.2941176471
SHEFF-lite-sparse	15	0.2355195902	47	0.1851851852
SHEFF-lite-sparse	77	0.2373009449	48	0.2
SHEFF-lite-sparse	78	0.24024991	49	0.5555555556
SHEFF-lite-sparse	138	0.2433938003	50	0.2
SHEFF-lite-sparse	160	0.2446487859	51	0.1914893617
SHEFF-lite-sparse	60	0.2451015632	52	0.2592592593
SHEFF-lite-sparse	206	0.2481229773	53	0.2307692308
SHEFF-lite-sparse	135	0.2488057669	54	0.1875
SHEFF-lite-sparse	93	0.2512458681	55	0.1428571429
SHEFF-lite-sparse	48	0.2516437745	56	0.04
SHEFF-lite-sparse	148	0.2529007786	57	0.1333333333
SHEFF-lite-sparse	82	0.2529577151	58	0.0952380952
SHEFF-lite-sparse	42	0.2547109651	59	0
SHEFF-lite-sparse	53	0.2549588786	60	0.2
SHEFF-lite-sparse	180	0.2561607575	61	0.1463414634
SHEFF-lite-sparse	175	0.2567544706	62	0.0857142857
SHEFF-lite-sparse	115	0.2572179407	63	0.1538461538
SHEFF-lite-sparse	6	0.2596247398	64	0.125
SHEFF-lite-sparse	90	0.2598805165	65	0.0555555556
SHEFF-lite-sparse	125	0.2608222538	66	0
SHEFF-lite-sparse	12	0.2612328788	67	0.1379310345
SHEFF-lite-sparse	14	0.263557574	68	0.4285714286
SHEFF-lite-sparse	110	0.2649542478	69	0.3
SHEFF-lite-sparse	105	0.2667879708	70	0.1785714286
SHEFF-lite-sparse	20	0.2675299719	71	0.1891891892
SHEFF-lite-sparse	191	0.2680782879	72	0.1041666667
SHEFF-lite-sparse	163	0.2701467741	73	0.4736842105
SHEFF-lite-sparse	126	0.2710538082	74	0.0975609756
SHEFF-lite-sparse	54	0.272163407	75	0.7777777778
SHEFF-lite-sparse	186	0.273626948	76	0.1666666667
SHEFF-lite-sparse	199	0.2801874729	77	0.0714285714
SHEFF-lite-sparse	203	0.2805573298	78	0.0930232558
SHEFF-lite-sparse	103	0.2822572317	79	0.2
SHEFF-lite-sparse	208	0.2826359076	80	0.1276595745
SHEFF-lite-sparse	137	0.2835649727	81	0.0888888889
SHEFF-lite-sparse	116	0.2848959246	82	0.4
SHEFF-lite-sparse	140	0.2857624631	83	0.0434782609
SHEFF-lite-sparse	183	0.2869630108	84	0.5625
SHEFF-lite-sparse	201	0.2909763676	85	0.25
SHEFF-lite-sparse	124	0.2910994177	86	0.1612903226
SHEFF-lite-sparse	193	0.2911103731	87	0.1176470588
SHEFF-lite-sparse	5	0.2913533578	88	0.2666666667
SHEFF-lite-sparse	121	0.2919193974	89	0.2272727273
SHEFF-lite-sparse	38	0.2928217743	90	0.1052631579
SHEFF-lite-sparse	181	0.2952339412	91	0.44
SHEFF-lite-sparse	51	0.2960491885	92	0.0769230769
SHEFF-lite-sparse	130	0.2969610466	93	0.4166666667
SHEFF-lite-sparse	32	0.2978667869	94	0.3333333333
SHEFF-lite-sparse	165	0.2987481776	95	0.3125
SHEFF-lite-sparse	58	0.2997285925	96	0.2
SHEFF-lite-sparse	146	0.3000617332	97	0.2
SHEFF-lite-sparse	192	0.3001408612	98	0.1666666667
SHEFF-lite-sparse	69	0.3009153115	99	0.3333333333
SHEFF-lite-sparse	157	0.3026796814	100	0.1290322581
SHEFF-lite-sparse	10	0.3050194924	101	0.1612903226
SHEFF-lite-sparse	3	0.3073614748	102	0.5
SHEFF-lite-sparse	113	0.3073846667	103	0.1923076923
SHEFF-lite-sparse	158	0.3098162569	104	0.3
SHEFF-lite-sparse	151	0.3114970847	105	0.0476190476
SHEFF-lite-sparse	26	0.3135886279	106	0.2
SHEFF-lite-sparse	66	0.3146548368	107	0.2105263158
SHEFF-lite-sparse	92	0.3170774262	108	0.1428571429
SHEFF-lite-sparse	101	0.3184676757	109	0.3529411765
SHEFF-lite-sparse	86	0.3188311786	110	0.25
SHEFF-lite-sparse	149	0.3200041412	111	0.1764705882
SHEFF-lite-sparse	36	0.3238855341	112	0.0322580645
SHEFF-lite-sparse	56	0.3250807992	113	0.2
SHEFF-lite-sparse	109	0.325369049	114	0.1071428571
SHEFF-lite-sparse	67	0.3259904821	115	0.5357142857
SHEFF-lite-sparse	104	0.3269229897	116	0.2
SHEFF-lite-sparse	27	0.3271175347	117	0.4848484848
SHEFF-lite-sparse	207	0.3288741937	118	0.68
SHEFF-lite-sparse	16	0.3300582384	119	0.3846153846
SHEFF-lite-sparse	155	0.3300903629	120	0.3571428571
SHEFF-lite-sparse	127	0.3301555796	121	0.4444444444
SHEFF-lite-sparse	176	0.3318921115	122	0.1176470588
SHEFF-lite-sparse	111	0.3321414065	123	0.25
SHEFF-lite-sparse	76	0.3327980309	124	0.625
SHEFF-lite-sparse	190	0.3328580738	125	0.35
SHEFF-lite-sparse	202	0.3344689137	126	0.8
SHEFF-lite-sparse	142	0.3345042243	127	0.4615384615
SHEFF-lite-sparse	141	0.3350547491	128	0.431372549
SHEFF-lite-sparse	34	0.3355449291	129	0.1363636364
SHEFF-lite-sparse	55	0.3361089297	130	0
SHEFF-lite-sparse	200	0.3361120975	131	0.5333333333
SHEFF-lite-sparse	30	0.3378322294	132	0.3103448276
SHEFF-lite-sparse	35	0.3407158567	133	0.1363636364
SHEFF-lite-sparse	79	0.3407341562	134	0.2564102564
SHEFF-lite-sparse	106	0.3424298052	135	0.3703703704
SHEFF-lite-sparse	89	0.3442363651	136	0.1162790698
SHEFF-lite-sparse	59	0.3469954667	137	0.4516129032
SHEFF-lite-sparse	61	0.3477164922	138	0.5454545455
SHEFF-lite-sparse	85	0.3489574117	139	0.1764705882
SHEFF-lite-sparse	152	0.349626119	140	0.6111111111
SHEFF-lite-sparse	74	0.3499693226	141	0.3703703704
SHEFF-lite-sparse	91	0.3502421413	142	0.7435897436
SHEFF-lite-sparse	94	0.351028586	143	0.3333333333
SHEFF-lite-sparse	194	0.3520204631	144	0.1818181818
SHEFF-lite-sparse	171	0.3535829371	145	0.05
SHEFF-lite-sparse	164	0.3548682979	146	0.5
SHEFF-lite-sparse	107	0.3559661508	147	0.303030303
SHEFF-lite-sparse	144	0.3567551157	148	0.5079365079
SHEFF-lite-sparse	72	0.35872361	149	0.3137254902
SHEFF-lite-sparse	83	0.3619942084	150	0.6428571429
SHEFF-lite-sparse	114	0.3632666441	151	0.3333333333
SHEFF-lite-sparse	187	0.3648090892	152	0.3846153846
SHEFF-lite-sparse	173	0.3656388429	153	0.3529411765
SHEFF-lite-sparse	11	0.3658617861	154	0.1666666667
SHEFF-lite-sparse	159	0.3677503428	155	0.3103448276
SHEFF-lite-sparse	8	0.3710507082	156	0.40625
SHEFF-lite-sparse	98	0.3727527316	157	0.0769230769
SHEFF-lite-sparse	150	0.3728095131	158	0.3272727273
SHEFF-lite-sparse	62	0.375937095	159	0.2894736842
SHEFF-lite-sparse	21	0.3795285205	160	0.2413793103
SHEFF-lite-sparse	205	0.3799318916	161	0.2068965517
SHEFF-lite-sparse	9	0.380714515	162	0.5
SHEFF-lite-sparse	167	0.3827871138	163	0.3913043478
SHEFF-lite-sparse	28	0.3836444054	164	0.1428571429
SHEFF-lite-sparse	161	0.3846388646	165	0.65625
SHEFF-lite-sparse	96	0.3847237439	166	0.1071428571
SHEFF-lite-sparse	196	0.3859087932	167	0.0833333333
SHEFF-lite-sparse	128	0.3867921495	168	0.1875
SHEFF-lite-sparse	123	0.3871475789	169	0.5714285714
SHEFF-lite-sparse	185	0.3875072978	170	0.1612903226
SHEFF-lite-sparse	134	0.3899628043	171	0.5714285714
SHEFF-lite-sparse	7	0.3913059849	172	0.2765957447
SHEFF-lite-sparse	132	0.3974046847	173	0.1578947368
SHEFF-lite-sparse	17	0.3976815112	174	0.5882352941
SHEFF-lite-sparse	88	0.3990517539	175	0.1428571429
SHEFF-lite-sparse	179	0.4014913686	176	0.2413793103
SHEFF-lite-sparse	170	0.40296392	177	0
SHEFF-lite-sparse	119	0.4046939588	178	1
SHEFF-lite-sparse	102	0.4063394631	179	0.2941176471
SHEFF-lite-sparse	46	0.4095841442	180	0.16
SHEFF-lite-sparse	70	0.4121551984	181	0.2916666667
SHEFF-lite-sparse	145	0.4147508355	182	0.1538461538
SHEFF-lite-sparse	45	0.4150490034	183	0.4545454545
SHEFF-lite-sparse	52	0.4190156657	184	0.2
SHEFF-lite-sparse	108	0.4212373578	185	0.75
SHEFF-lite-sparse	22	0.4357959263	186	0.1666666667
SHEFF-lite-sparse	188	0.4414968301	187	0.2307692308
SHEFF-lite-sparse	177	0.4442440879	188	0.1111111111
SHEFF-lite-sparse	29	0.4476927745	189	0.2857142857
SHEFF-lite-sparse	65	0.4529981675	190	0.1578947368
SHEFF-lite-sparse	174	0.456314629	191	0.8
SHEFF-lite-sparse	139	0.4639780055	192	0.4285714286
SHEFF-lite-sparse	40	0.4649351742	193	0.4
SHEFF-lite-sparse	147	0.4722810105	194	0.2777777778
SHEFF-lite-sparse	43	0.4753182201	195	0.4545454545
SHEFF-lite-sparse	31	0.4781984706	196	0.3333333333
SHEFF-lite-sparse	25	0.4784047195	197	0.6315789474
SHEFF-lite-sparse	4	0.4789456211	198	0.2
SHEFF-lite-sparse	136	0.4871770425	199	0.1578947368
SHEFF-lite-sparse	47	0.4947535123	200	0.6666666667
SHEFF-lite-sparse	117	0.5073900192	201	0.5
SHEFF-lite-sparse	97	0.5171688119	202	0.4
SHEFF-lite-sparse	49	0.5249596269	203	0.72
SHEFF-lite-sparse	44	0.5264442092	204	0
SHEFF-lite-sparse	13	0.5391912225	205	0.375
SHEFF-lite-sparse	166	0.5404615639	206	0.8
SHEFF-lite-sparse	68	0.5811950172	207	0.8181818182
SHEFF-lite-sparse	87	0.6040678558	208	0.4444444444
